OTU,Plate,Taxon_name,Source,Change from V.2
ACA01,Ctenophora_Actinella,Actinella punctata,Spaulding et al. (2020),
ACH01,Achnanthidium_Rossithidium,Achnanthes coarctata,Spaulding et al. (2020),
ACH02,Achnanthidium_Rossithidium,Achnanthes subhudsonis var. kraeuselii,Spaulding et al. (2020),
ACH03,Psammothidium,Achnanthes rostellata,Spaulding et al. (2020),
ACM01,Achnanthidium_Rossithidium,Achnanthidium minutissimum,Potapova and Hamilton (2007),
ACM04,Achnanthidium_Rossithidium,"Achnanthidium minutissimum ""capitate form""",Potapova and Hamilton (2007),
ACM11,Achnanthidium_Rossithidium,Achnanthidium deflexum,Spaulding et al. (2020),
ACM12,Achnanthidium_Rossithidium,Achnanthidium rivulare,Spaulding et al. (2020),
ACM13,Achnanthidium_Rossithidium,Achnanthidium crassum,Spaulding et al. (2020),
ACM14,Achnanthidium_Rossithidium,Achnanthidium delmontii ,Spaulding et al. (2020),
ACM15,Achnanthidium_Rossithidium,Achnanthidium sp. 1 NE Lakes,,
ACM16,Achnanthidium_Rossithidium,Achnanthidium eutrophilum,Spaulding et al. (2020),
ACM17,Achnanthidium_Rossithidium,Achnanthidium reimeri,Spaulding et al. (2020),
ACM18,Achnanthidium_Rossithidium,Achnanthidium latecephalum,Spaulding et al. (2020),
ACM19,Achnanthidium_Rossithidium,Achnanthidium sp. 2 NE Lakes,,
ACM20,Achnanthidium_Rossithidium,Achnanthidium pyrenaicum,Spaulding et al. (2020),
ACM200,Achnanthidium_Rossithidium,Achnanthidium sp. 4 NE Lakes,,
ACM21,Achnanthidium_Rossithidium,Achnanthidium exiguum,Spaulding et al. (2020),
ACM22,Achnanthidium_Rossithidium,Achnanthidium rosenstockii,Spaulding et al. (2020),
ACM26,Achnanthidium_Rossithidium,Achnanthidium sp. 3 NE Lakes,,
ACM400,Achnanthidium_Rossithidium,Achnanthidium sp. 5 NE Lakes,,
ACM501,Achnanthidium_Rossithidium,Achnanthidium catenatum,Lange-Bertalot et al. (2017),added in V.3
ADL02,Adlafia_KOB_GEN_MYA_BOR,Adlafia suchlandtii,Spaulding et al. (2020),Adlafia sp. 3 NE Lakes
ADL04,Adlafia_KOB_GEN_MYA_BOR,Adlafia sp. 4 NE Lakes,,added in V.3
ADL401,Adlafia_KOB_GEN_MYA_BOR,Adlafia sp. 2 NE Lakes,,
ADL501,Adlafia_KOB_GEN_MYA_BOR,Adlafia bryophila,Lange-Bertalot et al. (2017),added in V.3
ADL502,Adlafia_KOB_GEN_MYA_BOR,Adlafia sp. 502 NE Lakes,,added in V.3
ADL503,Adlafia_KOB_GEN_MYA_BOR,Adlafia minuscula var. muralis,Lange-Bertalot et al. (2017),CRA05
AMA01,Amphora_Halamphora,Amphora cimbrica,Levkov (2009),SPLIT: was Amphora copulata; now AMA03 is Amphora cimbrica and AMA503 is Amphora copulata
AMA02,Amphora_Halamphora,Amphora ovalis,Spaulding et al. (2020),
AMA03,Amphora_Halamphora,Amphora inariensis,Levkov (2009),Amphora pediculus
AMA04,Amphora_Halamphora,Amphora eximia,Levkov (2009),
AMA06,Amphora_Halamphora,Halamphora veneta,Spaulding et al. (2020),
AMA08,Amphora_Halamphora,Amphora delphinea var. minor,Spaulding et al. (2020),
AMA501,Amphora_Halamphora,Amphora pediculus,Spaulding et al. (2020),added in V.3
AMA502,Amphora_Halamphora,Amphora affinis,Levkov (2009),added in V.3
AMA503,Amphora_Halamphora,Amphora copulata,Levkov (2009),SPLIT: was part of AMA01
AMP01,Frustulia_Amphipleura,Amphipleura pellucida,Spaulding et al. (2020),
ANE01,Aneumastus_Lacustriella,Aneumastus tusculus,Spaulding et al. (2020),
AST01,Asterionella,Asterionella formosa,Spaulding et al. (2020),
AST02,Asterionella,Asterionalla ralfsii var. americana,Spaulding et al. (2020),
AUL01,Centrics,Aulacoseira crassipunctata,Spaulding et al. (2020),
AUL02,Centrics,Aulacoseira nivaloides,Spaulding et al. (2020),
AUL03,Centrics,Aulacoseira lirata,Spaulding et al. (2020),
AUL04,Centrics,Aulacoseira sp. 1 NE Lakes,,
AUL05,Centrics,Aulacoseira lirata var. biseriata,Camburn and Charles (2000),
AUL07,Centrics2,Aulacoseira nygaardii,Spaulding et al. (2020),
AUL08,Centrics3,Aulacoseira ambigua,Spaulding et al. (2020),
AUL10,Centrics3,Aulacoseira valida,Spaulding et al. (2020),
AUL11,Centrics3,Aulacoseira italica,Spaulding et al. (2020),
AUL13,Centrics2,Aulacoseira pusilla,Spaulding et al. (2020),
AUL14,Centrics3,Aulacoseira sp. 2 NE Lakes,,
AUL15,Centrics3,Aulacoseira granulata,Spaulding et al. (2020),4 images determined to be Aulacoseira ambigua and removed from flora
AUL17,Centrics2,Aulacoseira subborealis,Denys et al. (2003),
AUL19,,Aulacoseira subarctica,Spaulding et al. (2020),also listed as AUL21 in V.2
AUL23,Centrics2,Aulacoseira perglabra var. floriniae,Camburn and Kingston (1986) ,changed from Aulacoseira perglabra
AUL25,Centrics2,Aulacoseira sp. 4 NE Lakes,,
AUL26,Centrics,Aulacoseira sp. 5 NE Lakes,,
AUL27,Centrics,Aulacoseira perglabra,Camburn and Kingston (1986) ,changed from Aulacoseira sp. 7 NE Lakes
AUL28,Centrics,Aulacoseira perglabra,Camburn and Kingston (1986) ,changed from Aulacoseira sp. 6 NE Lakes; removed the second set of 3 images named AUL28 that also appeared as AUL25 in V.2
AUL30,Centrics,Aulacoseira lacustris,Camburn and Charles (2000),
AUL300,Centrics3,Aulacoseira muzzanensis,Spaulding et al. (2020),
AUL309,Centrics2,Aulacoseira humilis,Spaulding et al. (2020),
AUL31,Centrics,Aulacoseira sp. 8 NE Lakes,,
AUL33,Centrics2,Aulacoseira nivalis,Spaulding et al. (2020),
AUL34,Centrics2,Aulacoseira tenella,Spaulding et al. (2020),
AUL36,Centrics2,Aulacoseira imparis,Siver and Hamilton (2011),
AUL37,Centrics2,Aulacoseira alpigena,Spaulding et al. (2020),
AUL38,Centrics2,Aulacoseira sp. 3 NE Lakes,,
AUL39,Centrics2,Aulacoseira sp. 24 NE Lakes,,
AUL401,Centrics3,Aulacoseira sp. 9 NE Lakes,,
AUL402,Centrics2,Aulacoseira sp. 10 NE Lakes,,imaged but not in translation table in V.2; restored translation to Aulacoseira sp. 10 NE Lakes as in V.1
AUL405,Centrics,Aulacoseira sp. 11 NE Lakes,,Aulacoseira sp. 10 NE Lakes; restored translation to Aulacoseira sp. 11 NE Lakes as in V.1
AUL406,Centrics,Aulacoseira pseudoamericana,Camburn and Kingston (1986) ,Aulacoseira perglabra var. floriniae
AUL407,Centrics,Aulacoseira pseudoamericana,Camburn and Kingston (1986) ,Aulacoseira sp. 11 NE Lakes
AUL408,Centrics2,Aulacoseira coroniformis,Pearce et al. (2010) ,
AUL411,Centrics2,Aulacoseira sp. 12 NE Lakes,,
AUL501,Centrics,Aulacoseira sp. 501 NE Lakes,,added in V.3
AUL502,Centrics3,Aulacoseira islandica,Spaulding et al. (2020),added in V.3
BAC01,Bacillaria,Bacillaria paxillifera,Spaulding et al. (2020),
BOR501,Adlafia_KOB_GEN_MYA_BOR,Boreozonacola sp. 1 NE Lakes,,
BRA01,Brachysira,Brachysira styriaca,Spaulding et al. (2020),
BRA02,Brachysira,Brachysira procera,Lange-Bertalot et al. (2017),
BRA03,Brachysira,Brachysira microcephala morphotype 1,Shayler and Siver (2004),
BRA04,Brachysira,Brachysira intermedia,Lange-Bertalot et al. (2017),
BRA05,Brachysira,Brachysira sp. 6 NE Lakes,,Brachysira hannae
BRA06,Brachysira,Brachysira sp. 1 NE Lakes,,
BRA07,Brachysira,Brachysira sp. 2 NE Lakes,,
BRA08,Brachysira,Brachysira zellensis,Spaulding et al. (2020),
BRA09,Brachysira,Brachysira microcephala morphotype 2,Shayler and Siver (2004),
BRA11,Brachysira,Brachysira sp. 3 NE Lakes,,
BRA12,Brachysira,Brachysira sp. 4 NE Lakes,,
BRA14,Brachysira2,Brachysira serians,Spaulding et al. (2020),
BRA15,Brachysira2,Brachysira wygaschii,Lange-Bertalot et al. (2017),
BRA16,Brachysira2,Brachysira neoacuta,Spaulding et al. (2020),
BRA17,Brachysira2,Brachysira follis,Spaulding et al. (2020),
BRA300,Brachysira,Brachysira sp. 5 NE Lakes,,
BRA501,Brachysira,Brachysira sp. 501 NE Lakes,,added in V.3
BRA502,Brachysira,Brachysira sp. 502 NE Lakes,,added in V.3
BRA503,Brachysira2,Brachysira hannae,Spaulding et al. (2020),added in V.3
BRV01,Centrics4,Brevisira arentii,Krammer (2001) ,
CAL01,Caloneis,Caloneis sp. 1 NE Lakes,,
CAL02,Caloneis,Caloneis sp. 2 NE Lakes,,
CAL03,Caloneis,Caloneis sp. 3 NE Lakes,,
CAL04,Caloneis,Caloneis lancettula,Lange-Bertalot et al. (2017),
CAL05,Caloneis,Caloneis sp. 4 NE Lakes,,
CAL06,Caloneis,Caloneis sp. 15 NE Lakes,,Caloneis vasileyevae
CAL08,Caloneis,Caloneis bacillum,Spaulding et al. (2020),
CAL09,Caloneis,Caloneis sp. 5 NE Lakes,,
CAL10,Caloneis,Caloneis sp. 6 NE Lakes,,
CAL11,Caloneis,Caloneis lewisii,Spaulding et al. (2020),
CAL12,Caloneis,Caloneis lauta,Krammer and Lange-Bertalot (1986),Caloneis sp. 7 NE Lakes
CAL13,Caloneis,Caloneis sp. 8 NE Lakes,,
CAL14,Caloneis,Caloneis sp. 9 NE Lakes,,
CAL15,Caloneis,Caloneis sp. 14 NE Lakes,,
CAL16,Caloneis,Caloneis tenuis,Lange-Bertalot et al. (2017),
CAL17,Caloneis2,Caloneis silicula,Spaulding et al. (2020),
CAL18,Caloneis2,Caloneis sp. 10 NE Lakes,,
CAL19,Caloneis2,Caloneis sp. 11 NE Lakes,,
CAL20,Caloneis2,Caloneis sp. 12 NE Lakes,,
CAL200,Caloneis,Caloneis sp. 13 NE Lakes,,
CAL21,Caloneis2,Caloneis amphisbaena,Spaulding et al. (2020),
CAL501,Caloneis2,Caloneis sp. 501 NE Lakes,,added in V.3
CAL502,Caloneis,Caloneis sp. 502 NE Lakes,,added in V.3
CAL503,Caloneis,Caloneis hyalina,Krammer and Lange-Bertalot (1986),added in V.3
CAP01,Capartogramma,Capartogramma crucicula,Spaulding et al. (2020),
CAV01,Cavinula_Cosmioneis,Cavinula vincentii,Spaulding et al. (2020),Cavinula pseudoscutiformis
CAV02,Cavinula_Cosmioneis,Cavinula pseudoscutiformis,Spaulding et al. (2020),imaged but not in translation table in V.2 
CAV03,Cavinula_Cosmioneis,Cavinula cocconeiformis Morphotype 2,Cvetkoska et al. (2014),
CAV04,Cavinula_Cosmioneis,Cavinula cocconeiformis Morphotype 1,Cvetkoska et al. (2014),
CAV05,Cavinula_Cosmioneis,Cavinula cocconeiformis f. elliptica,Cvetkoska et al. (2014),
CAV06,Cavinula_Cosmioneis,Cavinula scutelloides,Spaulding et al. (2020),
CAV07,Cavinula_Cosmioneis,Cavinula sp. 1 NE Lakes,,
CAV08,Cavinula_Cosmioneis,Cavinula jaernefeltii,Spaulding et al. (2020),
CAV09,Cavinula_Cosmioneis,Cavinula scutiformis,Spaulding et al. (2020),
CAV10,Cavinula_Cosmioneis,Cavinula variostriata,Spaulding et al. (2020),
CAV11,Cavinula_Cosmioneis,Cavinula lapidosa,Spaulding et al. (2020),
CAV501,Cavinula_Cosmioneis,Cavinula kernii,Cvetkoska et al. (2014),
CHA01,Cham_Kraskella,Chamaepinnularia mediocris,Spaulding et al. (2020),
CHA02,Cham_Kraskella,Chamaepinnularia hassiaca,Spaulding et al. (2020),
CHA03,Cham_Kraskella,Sellaphora elorantana,Wetzel et al. (2015),
CHA501,Cham_Kraskella,Chamaepinnularia sp. 501 NE Lakes,,added in V.3
CHA502,Cham_Kraskella,Chamaepinnularia vyvermanii,Siver and Hamilton (2011),added in V.3
CHA503,Cham_Kraskella,Chamaepinnularia witkowski,Spaulding et al. (2020),added in V.3
CHA504,Cham_Kraskella,Chamaepinnularia begeri,Lange-Bertalot et al. (2017),added in V.3
CHA505,Cham_Kraskella,Chamaepinnularia plinskii,Zelazna-Wieczorek and Olszynski (2016),added in V.3
CHA506,Cham_Kraskella,Chamaepinnularia sp. 506 NE Lakes,Spaulding et al. (2020),added in V.3
CMB01,Cymbopleura,Cymbopleura elliptica,Spaulding et al. (2020),Cymbopleura fluminea
CMB02,Cymbopleura,Cymbopleura sublanceolata,Spaulding et al. (2020),
CMB03,Cymbopleura,Cymbopleura amphicephala,Spaulding et al. (2020),
CMB05,Cymbopleura,Cymbopleura anglica,Spaulding et al. (2020),
CMB06,Cymbopleura,Cymbopleura naviculiformis,Spaulding et al. (2020),
CMB07,Cymbopleura2,Cymbopleura incerta,Spaulding et al. (2020),
CMB08,Cymbopleura2,Cymbopleura subaequalis,Spaulding et al. (2020),
CMB10,Cymbopleura2,Cymbella subleptoceros,Spaulding et al. (2020),
CMB11,Cymbopleura2,Cymbella neoleptoceros,Spaulding et al. (2020),
CMB12,Cymbopleura2,Cymbella hustedtii,Spaulding et al. (2020),
CMB13,Cymbopleura2,Cymbopleura subaequalis var. truncata,Krammer (2003),
CMB14,Cymbopleura2,Cymbopleura incertiformis var. laterostrata,Spaulding et al. (2020),
CMB15,Cymbopleura2,Cymbopleura sp. 1 NE Lakes,,
CMB16,Cymbopleura2,Cymbopleura incertiformis,Spaulding et al. (2020),
CMB17,Cymbopleura3,Cymbopleura subcuspidata,Spaulding et al. (2020),
CMB18,Cymbopleura3,Cymbopleura apiculata,Spaulding et al. (2020),
CMB19,Cymbopleura3,Cymbopleura perprocera,Spaulding et al. (2020),
CMB20,Cymbopleura4,Cymbopleura subrostrata,Spaulding et al. (2020),
CMB21,Cymbopleura4,Cymbopleura heinii,Spaulding et al. (2020),
CMB400,Cymbopleura2,Cymbopleura sp. 2 NE Lakes,,
CMB501,Cymbopleura,Cymbopleura stauroneiformis,Spaulding et al. (2020),added in V.3
COC01,Cocconeis,Cocconeis placentula sensu lato,Spaulding et al. (2020),
COC02,Cocconeis,Cocconeis pediculus,Spaulding et al. (2020),
COC03,Cocconeis,Cocconeis fluviatilis,Spaulding et al. (2020),
COC04,Cocconeis,Cocconeis neothumensis,Lange-Bertalot et al. (2017),
COC05,Cocconeis,Cocconeis neothumensis,Lange-Bertalot et al. (2017),imaged but not in translation table in V.2 
COC06,Cocconeis,Cocconeis sp. 1 NE Lakes,,
COC07,Cocconeis,Cocconeis pseudothumensis,Spaulding et al. (2020),
COS01,Cavinula_Cosmioneis,Cosmioneis citriformis,Spaulding et al. (2020),
CRA01,Craticula,Craticula cuspidata,Spaulding et al. (2020),
CRA02,Craticula,Craticula acidoclinata,Spaulding et al. (2020),
CRA03,Craticula,Craticula molestiformis,Spaulding et al. (2020),SPLIT: was Craticula accomoda. The largest specimen from V.2 version moved to CRA502/Craticula minusculoides
CRA06,Craticula,Craticula riparia,Spaulding et al. (2020),
CRA07,Craticula,Craticula ambigua,Spaulding et al. (2020),
CRA501,Craticula,Craticula sp. 501 NE Lakes,,added in V.3
CRA502,Craticula,Craticula minusculoides,Lange-Bertalot et al. (2017),added in V.3
CRA503,Craticula,Craticula buderi,Spaulding et al. (2020),added in V.3
CTE01,Ctenophora_Actinella,Ctenophora pulchella,Spaulding et al. (2020),
CYC01,Centrics5,Cyclotella meneghiniana,Spaulding et al. (2020),
CYC02,Centrics5,Cyclotella gamma,Spaulding et al. (2020),
CYC03,Centrics5,Cyclotella distinguenda,Spaulding et al. (2020),
CYC04,Centrics5,Cyclotella atomus,Spaulding et al. (2020),
CYC05,Centrics5,Cyclotella sp. 3 NE Lakes,,
CYC06,Centrics5,Cyclotella sp. 1 NE Lakes,,
CYC200,Centrics5,Cyclotella sp. 2 NE Lakes,,
CYF01,Cymbopleura2,Cymbellafalsa diluviana,Lange-Bertalot et al. (2017),
CYM01,Cymbella,Cymbella neocistula var. islandica,Spaulding et al. (2020),
CYM02,Cymbella,Cymbella neocistula,Spaulding et al. (2020),
CYM03,Cymbella,Cymbella blinnii,Spaulding et al. (2020),
CYM04,Cymbella,Cymbella excisiformis,Spaulding et al. (2020),
CYM05,Cymbella,Cymbella affiniformis,Spaulding et al. (2020),
CYM06,Cymbella,Cymbella sp. 1 NE Lakes,,
CYM07,Cymbella2,Cymbella aspera,Spaulding et al. (2020),
CYM08,Cymbella2,Cymbella lanceolata,Spaulding et al. (2020),
CYM09,Cymbella3,Cymbella proxima,Spaulding et al. (2020),
CYM10,Cymbella3,Cymbella mexicana,Spaulding et al. (2020),
CYM201,Cymbella3,Cymbella tumida,Spaulding et al. (2020),
CYM400,Cymbella,Cymbella compacta,Spaulding et al. (2020),
CYM501,Cymbella,Cymbella tropica,Spaulding et al. (2020),added in V.3
CYP01,Cymatopleura,Surirella librile,Spaulding et al. (2020),
CYP02,Cymatopleura,Cymatopleura solea var. apiculata,Lange-Bertalot et al. (2017),
CYP501,Cymatopleura,Surirella undulata,Spaulding et al. (2020),added in V.3
CYS01,Centrics4,Cyclostephanos invisitatus,Spaulding et al. (2020),
CYS202,Centrics4,Cyclostephanos tholiformis,Spaulding et al. (2020),
DCA01,Decussata,Decussata placenta,Spaulding et al. (2020),
DEL01,Delicata,Delicatophycus sp. 1 NE Lakes,,
DEL02,Delicata,Delicatophycus delicatulus,Spaulding et al. (2020),
DEN01,Denticula_Grunowia,Denticula tenuis,Spaulding et al. (2020),
DIA02,Meridion_Diatoma_Odontidium,Diatoma vulgaris,Spaulding et al. (2020),
DIA03,Meridion_Diatoma_Odontidium,Diatoma tenuis,Spaulding et al. (2020),
DIA04,Meridion_Diatoma_Odontidium,Diatoma moniliformis,Spaulding et al. (2020),imaged but not in translation table in V.2; translated to Diatoma tenuis in V.1
DIE01,Diadesmis,Diadesmis confervacea,Spaulding et al. (2020),
DIP01,Diploneis,Diploneis finnica,Spaulding et al. (2020),
DIP02,Diploneis,Diploneis dilatata,Lange-Bertalot et al. (2020),
DIP03,Diploneis,Diploneis krammeri,Spaulding et al. (2020),
DIP04,Diploneis,Diploneis boldtiana,Spaulding et al. (2020),Diploneis oblongella
DIP06,Diploneis,Diploneis submarginestriata,Spaulding et al. (2020),
DIP07,Diploneis,Diploneis fontanella,Lange-Bertalot et al. (2020),Diploneis sp. 1 NE Lakes
DIP200,Diploneis,Diploneis sp. 2 NE Lakes,,
DIP300,Diploneis,Diploneis oculata,Lange-Bertalot et al. (2020),
DIS01,Centrics5,Discostella asterocostata,Spaulding et al. (2020),
DIS02,Centrics5,Discostella pseudostelligera,Spaulding et al. (2020),
DIS03,Centrics5,Discostella stelligera,Spaulding et al. (2020),
DIS501,Centrics5,Discostella woltereckii,Krammer and Lange-Bertalot (1991a); as Cyclotella woltereckii,added in V.3
ENC01,Encyonema,Encyonema hebridicum,Spaulding et al. (2020),
ENC02,Encyonema,Encyonema perminutum,Krammer (1997),
ENC03,Encyonema,Encyonema minutum,,
ENC10,Encyonema,Encyonema ponteanum,Krammer (1997),
ENC11,Encyonema,Encyonema sp. 4 NE Lakes,,
ENC12,Encyonema,Encyonema gaeumannii,Lange-Bertalot et al. (2017),
ENC13,Encyonema,Encyonema sp. 1 NE Lakes,,
ENC14,Encyonema,Encyonema brevicapitatum,Krammer (1997),
ENC15,Encyonema,Encyonema hamsherae,Spaulding et al. (2020),
ENC16,Encyonema,Encyonema latens,Lange-Bertalot et al. (2017),
ENC17,Encyonema,Encyonema appalachianum,Spaulding et al. (2020),
ENC18,Encyonema,Encyonema neogracile,Spaulding et al. (2020),
ENC19,Encyonema,Encyonema perpusillum,Krammer (1997),
ENC20,Encyonema,Encyonema kalbei,Krammer (1997),
ENC21,Encyonema,Encyonema silesiacum var. excisa,Krammer (1997),
ENC22,Encyonema2,Encyonema pergracile,Spaulding et al. (2020),
ENC400,Encyonema,Encyonema sp. 3 NE Lakes,,
ENC401,Encyonema,Encyonema reichardtii,Spaulding et al. (2020),
ENC501,Encyonema2,Encyonema vulgare sensu lato,Krammer (1997),SPLIT from ENC23/Encyonema silesiacum
ENC502,Encyonema2,Encyonema kamtschaticum,Krammer (1997),SPLIT from ENC23/Encyonema silesiacum
ENC503,Encyonema2,Encyonema temperei,Spaulding et al. (2020),added in V.3
ENC504,Encyonema2,Encyonema triangulum,Spaulding et al. (2020),added in V.3
ENC505,Encyonema,Encyonema sp. 505 NE Lakes,,added in V.3
ENC506,Encyonema,Encyonema silesiacum,Spaulding et al. (2020),added in V.3
ENS01,Encyonopsis_Kurtkrammeria,Encyonopsis krammeri,Spaulding et al. (2020),
ENS02,Encyonopsis_Kurtkrammeria,Encyonopsis microcephala,Spaulding et al. (2020),
ENS03,Encyonopsis_Kurtkrammeria,Encyonopsis neerlandica,Spaulding et al. (2020),
ENS04,Encyonopsis_Kurtkrammeria,Encyonopsis sp. 1 NE Lakes,,
ENS05,Encyonopsis_Kurtkrammeria,Encyonopsis sp. 2 NE Lakes,,
ENS06,Encyonopsis_Kurtkrammeria,Encyonopsis descripta,Spaulding et al. (2020),
ENS07,Encyonopsis_Kurtkrammeria,Encyonopsis stafsholtii,Spaulding et al. (2020),
ENS08,Encyonopsis_Kurtkrammeria,Encyonopsis montana,Spaulding et al. (2020),
ENS09,Encyonopsis_Kurtkrammeria,Encyonpsis sp. 1 NE Lakes,,
ENS402,Encyonopsis_Kurtkrammeria,Encyonopsis albertana,Spaulding et al. (2020),
ENS403,Encyonopsis_Kurtkrammeria,Encyonopsis sp. 3 NE Lakes,,
ENS501,Encyonopsis_Kurtkrammeria,Encyonopsis sp. 501 NE Lakes,,added in V.3
ENT01,Entomoneis,Entomoneis ornata,Spaulding et al. (2020),
EOL01,Sellaphora_Eolimna,Eolimna aboensis,Spaulding et al. (2020),
EOL02,Sellaphora_Eolimna,Eolimna sp. 1 NE Lakes,,
EOL401,Sellaphora_Eolimna,Eolimna sp. 2 NE Lakes,,
EOL501,Sellaphora_Eolimna,Eolimna metafarta,Spaulding et al. (2020),added in V.3
EPI01,Epithemia,Epithemia adnata,Spaulding et al. (2020),
EPI02,Epithemia,Epithemia turgida,Spaulding et al. (2020),
EPI04,Epithemia,Epithemia sp. 1 NE Lakes,,
EPI05,Epithemia,Epithemia sp. 2 NE Lakes,,
EPI06,Epithemia,Epithemia reichelti,Spaulding et al. (2020),
EPI07,Epithemia,Epithemia sorex,Spaulding et al. (2020),
EUC01,Eucocconeis,Eucocconeis alpestris,Spaulding et al. (2020),
EUC02,Eucocconeis,Eucocconeis sp. 1 NE Lakes,,
EUC03,Eucocconeis,Eucocconeis sp. 2 NE Lakes,,
EUC04,Eucocconeis,Eucocconeis flexella,Spaulding et al. (2020),
EUC05,Eucocconeis,Eucocconeis depressa,Spaulding et al. (2020),
EUC06,Eucocconeis,Eucocconeis laevis,Spaulding et al. (2020),
EUC07,Eucocconeis,Eucocconeis leptostriata,Spaulding et al. (2020),
EUC10,Eucocconeis,Eucocconeis americana,Spaulding et al. (2020),
EUN01,Eunotia,Eunotia incisa,Spaulding et al. (2020),
EUN03,Eunotia,Eunotia sp. 13 NE Lakes,,
EUN04,Eunotia,Eunotia faba,Spaulding et al. (2020),
EUN05,Eunotia,Eunotia faba,Spaulding et al. (2020),
EUN06,Eunotia4,Eunotia sp. 1 NE Lakes,,
EUN07,Eunotia,Eunotia canicula,Spaulding et al. (2020),
EUN08,Eunotia,Eunotia rhomboidea,Spaulding et al. (2020),
EUN11,Eunotia,Eunotia subarcuatoides,Lange-Bertalot et al. (2011),
EUN12,Eunotia,Eunotia boreoalpina,Lange-Bertalot et al. (2011),
EUN13,Eunotia,Eunotia novaeangliae,Spaulding et al. (2020),
EUN16,Eunotia,Eunotia botuliformis,Lange-Bertalot et al. (2011),
EUN17,Eunotia,Eunotia macroglossa,Spaulding et al. (2020),
EUN18,Eunotia,Eunotia pirla,Lange-Bertalot et al. (2011),changed from Eunotia sp. 15 NE Lakes
EUN19,Eunotia,Eunotia sp. 2 NE Lakes,,
EUN20,Eunotia,Eunotia chelonia,Lange-Bertalot et al. (2011),
EUN21,Eunotia3,Eunotia bilunaris,Spaulding et al. (2020),
EUN23,Eunotia3,Eunotia naegeli,Spaulding et al. (2020),
EUN24,Eunotia3,Eunotia romanowii,Siver and Hamilton (2011),
EUN25,Eunotia2,Eunotia wiltschkorum,Lange-Bertalot et al. (2011),
EUN26,Eunotia2,Eunotia paludosa,Lange-Bertalot et al. (2011),
EUN27,Eunotia2,Eunotia mucophila,Lange-Bertalot et al. (2011),
EUN28,Eunotia2,Eunotia neocompacta var. vixcompacta,Lange-Bertalot et al. (2011),
EUN29,Eunotia2,Eunotia kruegeri,Lange-Bertalot et al. (2011),
EUN30,Eunotia2,Eunotia pseudogroenlandica,Lange-Bertalot et al. (2011),
EUN300,Eunotia,Eunotia zasuminensis,Spaulding et al. (2020),imaged but not in translation table in V.2
EUN302,Eunotia2,Eunotia fallacoides,Lange-Bertalot et al. (2011),
EUN303,Eunotia,Eunotia sp. 3 NE Lakes,,
EUN304,Eunotia5,Eunotia sp. 4 NE Lakes,,
EUN31,Eunotia2,Eunotia ursamajoris,Lange-Bertalot et al. (2011),
EUN32,Eunotia2,Eunotia varioundulata,Lange-Bertalot et al. (2011),
EUN33,Eunotia2,Eunotia iatriaensis,Lange-Bertalot et al. (2011),
EUN34,Eunotia2,Eunotia microcephala,Spaulding et al. (2020),
EUN35,Eunotia4,Eunotia sp. 5 NE Lakes,,
EUN36,Eunotia4,Eunotia pirla,Lange-Bertalot et al. (2011),
EUN37,Eunotia9,Eunotia elena,Lange-Bertalot et al. (2011),
EUN38,Eunotia4,Eunotia implicata,Lange-Bertalot et al. (2011),
EUN39,Eunotia4,Eunotia novascotica,Lange-Bertalot et al. (2011),
EUN40,Eunotia4,Eunotia arcubus,Lange-Bertalot et al. (2011),
EUN402,Eunotia9,Eunotia yanomami,Lange-Bertalot et al. (2011),
EUN403,Eunotia3,Eunotia sp. 14 NE Lakes,,
EUN404,Eunotia,Eunotia sp. 6 NE Lakes,,
EUN406,Eunotia2,Eunotia sp. 7 NE Lakes,,
EUN41,Eunotia9,Eunotia circumborealis,Lange-Bertalot et al. (2011),
EUN43,Eunotia5,Eunotia serra,Spaulding et al. (2020),
EUN44,Eunotia5,Eunotia tetraodon,Spaulding et al. (2020),
EUN45,Eunotia5,Eunotia hexaglyphis,Spaulding et al. (2020),
EUN47,Eunotia5,Eunotia bactriana,Spaulding et al. (2020),
EUN48,Eunotia5,Eunotia perpusilla,Spaulding et al. (2020),
EUN50,Eunotia5,Eunotia bidentula,Spaulding et al. (2020),
EUN501,Eunotia7,Eunotia soleirolii,Lange-Bertalot et al. (2011),added in V.3
EUN502,Eunotia2,Eunotia sp. 502 NE lakes ,,added in V.3
EUN503,Eunotia9,Eunotia sp. 503 NE lakes ,,added in V.3
EUN504,Eunotia3,Eunotia pseudofragilaria,Siver and Hamilton (2011),added in V.3
EUN505,Eunotia3,Eunotia weisingii,Lange-Bertalot et al. (2011),added in V.3
EUN506,Eunotia6,Eunotia gallica,Lange-Bertalot et al. (2011),added in V.3
EUN507,Eunotia2,Eunotia punctastriata,Siver and Hamilton (2011),added in V.3
EUN508,Eunotia10,Eunotia sp. 508 NE lakes ,,added in V.3
EUN509,Eunotia2,Eunotia trinacria,Spaulding et al. (2020),added in V.3
EUN51,Eunotia5,Eunotia cisalpina,Spaulding et al. (2020),
EUN52,Eunotia5,Eunotia subherkiniensis,Spaulding et al. (2020),
EUN53,Eunotia6,Eunotia sp. 8 NE Lakes,,
EUN54,Eunotia6,Eunotia ambivalens,Lange-Bertalot et al. (2011),
EUN55,Eunotia6,Eunotia eurycephala,Spaulding et al. (2020),
EUN57,Eunotia6,Eunotia nymananniana,Spaulding et al. (2020),
EUN58,Eunotia6,Eunotia elegans,Lange-Bertalot et al. (2011),
EUN60,Eunotia4,Eunotia carolina,Siver and Hamilton (2011),
EUN61,Eunotia2,Eunotia tenella,Spaulding et al. (2020),
EUN62,Eunotia2,Eunotia bertrandii,Lange-Bertalot et al. (2011),
EUN63,Eunotia2,Eunotia meisteroides,Lange-Bertalot et al. (2011),
EUN64,Eunotia2,Eunotia rynchocephala,Lange-Bertalot et al. (2011),
EUN65,Eunotia7,Eunotia pectinalis,Spaulding et al. (2020),
EUN66,Eunotia7,Eunotia sp. 9 NE Lakes,,
EUN67,Eunotia7,Eunotia charliereimeri,Spaulding et al. (2020),
EUN68,Eunotia7,Eunotia kulikovskiyi,Lange-Bertalot et al. (2011),
EUN69,Eunotia7,Eunotia valida,Lange-Bertalot et al. (2011),
EUN70,Eunotia7,Eunotia neofallax,Lange-Bertalot et al. (2011),
EUN71,Eunotia7,Eunotia sp. 16 NE Lakes,,
EUN72,Eunotia8,Eunotia tauntoniensis,Spaulding et al. (2020),
EUN73,Eunotia8,Eunotia sp. 10 NE Lakes,,
EUN74,Eunotia8,Eunotia spatulata,Spaulding et al. (2020),
EUN75,Eunotia10,Eunotia glacialis,Lange-Bertalot et al. (2011),
EUN77,Eunotia10,Eunotia lapponica,Lange-Bertalot et al. (2011),
EUN80,Eunotia9,Eunotia minor,Lange-Bertalot et al. (2017),
EUN81,Eunotia9,Eunotia sp. 11 NE Lakes,,
EUN82,Eunotia9,Eunotia bidens/ Eunotia richbuttensis,Spaulding et al. (2020),
EUN83,Eunotia9,Eunotia islandica,Lange-Bertalot et al. (2011),
EUN84,Eunotia9,Eunotia bigibba,Lange-Bertalot et al. (2011),
EUN85,Eunotia11,Eunotia formica,Spaulding et al. (2020),
EUN86,Eunotia11,Eunotia metamonodon,Spaulding et al. (2020),
EUN87,Eunotia11,Eunotia sp. 12 NE Lakes,,
EUN88,Eunotia11,Eunotia praerupta,Lange-Bertalot et al. (2011),
EUN89,Eunotia11,Eunotia obtusinasuta,Lange-Bertalot et al. (2011),
EUN90,Eunotia11,Eunotia curtagrunowii,Lange-Bertalot et al. (2011),
EUN92,Eunotia11,Eunotia latinasuta,Lange-Bertalot et al. (2011),
EUN93,Eunotia11,Eunotia compactarcus,Lange-Bertalot et al. (2011),
EUN94,Eunotia9,Eunotia dorofeyukae,Lange-Bertalot et al. (2011),
FAL01,Fallacia_Pseudofallacia,Fallacia vitrea,Spaulding et al. (2020),
FAL02,Fallacia_Pseudofallacia,Fallacia maceria,Lange-Bertalot and Metzeltin (1996),
FAL03,Fallacia_Pseudofallacia,Fallacia monoculata,Lange-Bertalot et al. (2017),
FAL400,Fallacia_Pseudofallacia,Fallacia subhamulata,Lange-Bertalot et al. (2017),imaged but not in translation table in V.2
FAL401,Fallacia_Pseudofallacia,Fallacia pygmaea,Spaulding et al. (2020),
FAL501,Fallacia_Pseudofallacia,Fallacia sublucidula,Lange-Bertalot et al. (2017),added in V.3
FAL502,Fallacia_Pseudofallacia,Fallacia tenera,Spaulding et al. (2020),added in V.3
FAL503,Fallacia_Pseudofallacia,Eolimna subadnata,Krammer and Lange-Bertalot (1986); as Navicula subadnata,added in V.3
FRA01,Fragilaria,Fragilaria gracilis,Lange-Bertalot et al. (2017),
FRA03,Fragilaria,Fragilaria amphicephaloides,Lange-Bertalot et al. (2017),
FRA04,Fragilaria,Fragilaria saxoplanctonica,Lange-Bertalot et al. (2017),
FRA05,Fragilaria,Fragilaria sp. 1 NE Lakes,,
FRA06,Fragilaria,Fragilaria vaucheriae,Spaulding et al. (2020),
FRA07,Fragilaria,Fragilaria pectinalis,Lange-Bertalot et al. (2017),
FRA08,Fragilaria,Fragilaria sp. 5 NE Lakes,,
FRA09,Fragilaria,Fragilaria sp. 2 NE Lakes,,
FRA10,Fragilaria,Fragilaria crotonensis,Spaulding et al. (2020),
FRA12,Fragilaria,Fragilaria perdelicatissima,Lange-Bertalot et al. (2017),
FRA13,Fragilaria,Fragilaria tenera,Spaulding et al. (2020),
FRA14,Fragilaria,Fragilaria pararumpens,Lange-Bertalot et al. (2017),
FRA17,Fragilaria2,Fragilaria rumpens,Krammer and Lange-Bertalot (1991a),
FRA18,Fragilaria2,Fragilaria mesolepta,Spaulding et al. (2020),
FRA19,Fragilaria2,Fragilaria sp. 3 NE Lakes,,
FRA20,Fragilaria2,Fragilaria sp. 4 NE Lakes,,
FRA400,Fragilaria2,Fragilaria subconstricta,Tuji & Williams (2008),
FRA501,Fragilaria,Synedra subrhombica,Camburn and Charles (2000); identity unresolved,added in V.3
FRA502,Fragilaria,Fragilaria longifusiformis,Siver et al. (2006),added in V.3
FRM01,Fragilariforma_Oxyneis,Fragilariforma sp. 5 NE Lakes,,
FRM02,Fragilariforma_Oxyneis,Fragilaria constricta f. trinodis,Camburn and Charles (2000),
FRM03,Fragilariforma_Oxyneis,Fragilariforma polygonata,Spaulding et al. (2020),
FRM04,Fragilariforma_Oxyneis,Fragilaria constricta f. tetranodis,Camburn and Charles (2000),
FRM05,Fragilariforma_Oxyneis,Fragilariforma sp. 1 NE Lakes,,
FRM06,Fragilariforma_Oxyneis,Fragilariforma acidobiontica,Spaulding et al. (2020),
FRM07,Fragilariforma_Oxyneis,Fragilariforma sp. 2 NE Lakes,,
FRM09,Fragilariforma_Oxyneis,Fragilariforma marylandica,Spaulding et al. (2020),
FRM12,Fragilariforma_Oxyneis,Fragilariforma virescens,Spaulding et al. (2020),
FRM13,Fragilariforma_Oxyneis,Fragilariforma bicapitata,Spaulding et al. (2020),
FRM14,Fragilariforma_Oxyneis,Fragilariforma sp. 3 NE Lakes,,
FRM15,Fragilariforma_Oxyneis,Fragilariforma sp. 4 NE Lakes,,
FRM16,Fragilariforma_Oxyneis,Fragilariforma constricta,Spaulding et al. (2020),
FRM501,Fragilariforma_Oxyneis,Fragilariforma nitzschioides,Spaulding et al. (2020),added in V.3
FRU01,Frustulia_Amphipleura,Frustulia weinholdii,Spaulding et al. (2020),Frustulia latita
FRU02,Frustulia2,Frustulia marginata,Lange-Bertalot (2001),
FRU03,Frustulia2,Frustulia crassinervia,Spaulding et al. (2020),
FRU05,Frustulia2,Frustulia pseudomagaliesmontana,Spaulding et al. (2020),
FRU06,Frustulia2,Frustulia krammeri,Spaulding et al. (2020),
FRU07,Frustulia2,Frustulia sp. 1 NE Lakes,,
FRU08,Frustulia2,Frustulia saxonica,Spaulding et al. (2020),
FRU09,Frustulia_Amphipleura,Frustulia sp. 2 NE Lakes,,
FRU10,Frustulia_Amphipleura,Frustulia vulgaris,Spaulding et al. (2020),
FRU401,Frustulia_Amphipleura,Frustulia amphipleuroides,Spaulding et al. (2020),
FRU402,Frustulia2,Frustulia inculta,Spaulding et al. (2020),
FRU403,Frustulia_Amphipleura,Frustulia bahlsii,Spaulding et al. (2020),
FRU501,Frustulia2,Frustulia quadrisinuata,Spaulding et al. (2020),added in V.3
FRU502,Frustulia2,Frustulia sp. 502 NE Lakes,,added in V.3
GEI01,Geissleria,Geissleria decussis,Spaulding et al. (2020),
GEI02,Geissleria,Geissleria kriegeri,Spaulding et al. (2020),
GEI03,Geissleria,Geissleria acceptata,Spaulding et al. (2020),
GEI04,Geissleria,Geissleria similis,Lange-Bertalot (2001),
GEI05,Geissleria,Geissleria sp. 1 NE Lakes,,
GEI06,Geissleria,Geissleria paludosa ,Lange-Bertalot (2001),
GEI200,Geissleria,Geissleria sp. 3 NE Lakes,,
GEI400,Geissleria,Geissleria sp. 2 NE Lakes,,
GEN01,Adlafia_KOB_GEN_MYA_BOR,Genkalia sp. 1 NE Lakes,,ADL01
GEN02,Adlafia_KOB_GEN_MYA_BOR,Genkalia sp. 2 NE Lakes,,
GEN501,Adlafia_KOB_GEN_MYA_BOR,Genkalia digitulus,Spaulding et al. (2020),
GMA01,Gomphoneis_Gomphosphenia,Gomphoneis sp. 1 NE Lakes,,
GMA02,Gomphoneis_Gomphosphenia,Gomphonella olivacea,Spaulding et al. (2020),
GMP01,Gomphoneis_Gomphosphenia,Gomphosphenia grovei,Spaulding et al. (2020),
GMP02,Gomphoneis_Gomphosphenia,Gomphosphenia holmquistii,Lange-Bertalot et al. (2017),
GMP501,Gomphoneis_Gomphosphenia,Gomphosphenia stoermeri,Spaulding et al. (2020),
GOM01,Gomphonema,Gomphonema variostriatum,Spaulding et al. (2020),
GOM02,Gomphonema,Gomphonema elegantissimum,Lange-Bertalot et al. (2017),
GOM03,Gomphonema,Gomphonema minusculum,Lange-Bertalot et al. (2017),
GOM04,Gomphonema,Gomphonema sp. 1 NE Lakes,,
GOM05,Gomphonema,Gomphonema blandiculum,Kociolek and Stoermer (1990),
GOM06,Gomphonema,Gomphonema pygmaeum,Spaulding et al. (2020),
GOM07,Gomphonema,Gomphonema sp. 2 NE Lakes,,
GOM08,Gomphonema,Gomphonema clavatulum,Lange-Bertalot et al. (2017),
GOM09,Gomphonema,Gomphonema sp. 3 NE Lakes,,
GOM10,Gomphonema,Gomphonema sp.42 SESQA,Bishop et al. (2017),
GOM11,Gomphonema2,Gomphonema micropus,Lange-Bertalot et al. (2017),
GOM12,Gomphonema2,Gomphonema angustatum,Lange-Bertalot et al. (2017),
GOM13,Gomphonema2,Gomphonema calcifugum,Lange-Bertalot et al. (2017),
GOM14,Gomphonema,Gomphonema caperatum,Spaulding et al. (2020),
GOM15,Gomphonema2,Gomphonema sp. 4 NE Lakes,,
GOM16,Gomphonema2,Gomphonema sierranum,Spaulding et al. (2020),
GOM17,Gomphonema2,Gomphonema sp. 5 NE Lakes,,
GOM18,Gomphonema2,Gomphonema louisiananum,Spaulding et al. (2020),
GOM19,Gomphonema2,Gomphonema sarcophagus,Spaulding et al. (2020),
GOM20,Gomphonema2,Gomphonema lateripunctatum,Lange-Bertalot et al. (2017),
GOM202,Gomphonema2,Gomphonema sp. 24 NE Lakes,,
GOM203,Gomphonema2,Gomphonema sp. 26 NE Lakes,,
GOM204,Gomphonema,Gomphonema sp. 27 NE Lakes,,
GOM22,Gomphonema2,Gomphonema exilissimum,Lange-Bertalot et al. (2017),Gomphonema parvulum
GOM23,Gomphonema2,Gomphonema sp. 6 NE Lakes,,
GOM24,Gomphonema2,Gomphonema lagenula,Spaulding et al. (2020),
GOM25,Gomphonema2,Gomphonema sp. 7 NE Lakes,,
GOM27,Gomphonema2,Gomphonema sp. 8 NE Lakes,,
GOM28,Gomphonema2,Gomphonema innocens,Lange-Bertalot et al. (2017),
GOM29,Gomphonema3,Gomphonema turgidum,Spaulding et al. (2020),
GOM30,Gomphonema3,Gomphonema pala,Lange-Bertalot et al. (2017),
GOM31,Gomphonema3,Gomphonema manubrium,Spaulding et al. (2020),
GOM32,Gomphonema3,Gomphonema augur,Lange-Bertalot et al. (2017),
GOM33,Gomphonema3,Gomphonema turris,Patrick and Reimer  (1966),
GOM34,Gomphonema3,Gomphonema pseudosphaerophorum,Spaulding et al. (2020),
GOM35,Gomphonema3,Gomphonema sp. 9 NE Lakes,,
GOM36,Gomphonema3,Gomphonema gregarium,Kociolek et al. (2016),
GOM37,Gomphonema3,Gomphonema sp. 29 NE Lakes,,
GOM38,Gomphonema3,Gomphonema sp. 10 NE Lakes,,
GOM39,Gomphonema3,Gomphonema sp. 11 NE Lakes,,
GOM40,Gomphonema3,Gomphonema sp. 12 NE Lakes,,
GOM401,Gomphonema4,Gomphonema sp. 13 NE Lakes,,
GOM402,Gomphonema4,Gomphonema sp. 25 NE Lakes,,
GOM403,Gomphonema3,Gomphonema sp. 28 NE Lakes,,
GOM41,Gomphonema4,Gomphonema sp. 14 NE Lakes,,
GOM42,Gomphonema4,Gomphonema sp. 15 NE Lakes,,
GOM43,Gomphonema4,Gomphonema sp. 16 NE Lakes,,
GOM44,Gomphonema4,Gomphonema graciledictum,Reichardt (2015),
GOM45,Gomphonema4,Gomphonema subtile,Patrick and Reimer  (1975),
GOM46,Gomphonema4,Gomphonema subtile var. sagitta,Patrick and Reimer  (1975),
GOM47,Gomphonema4,Gomphonema sp. 17 NE Lakes,,
GOM48,Gomphonema4,Gomphonema sp. 18 NE Lakes,,
GOM49,Gomphonema4,Gomphonema sp. 19 NE Lakes,,
GOM50,Gomphonema4,Gomphonema sp. 20 NE Lakes,,
GOM501,Gomphonema2,Gomphonema amoenum,Lange-Bertalot et al. (2017),
GOM502,Gomphonema2,Gomphonema metzeltinii,Levkov et al. (2016),
GOM503,Gomphonema3,Gomphonema naviculoides,Reichardt (2015),
GOM504,Gomphonema3,Gomphonema sp. 504 NE Lakes,,
GOM51,Gomphonema2,Gomphonema sp. 21 NE Lakes,,
GOM52,Gomphonema5,Gomphonema coronatum,Spaulding et al. (2020),
GOM53,Gomphonema5,Gomphonema pusillum,Spaulding et al. (2020),
GOM54,Gomphonema5,Gomphonema sp. 22 NE Lakes,,
GOM55,Gomphonema5,Gomphonema capitatum,Spaulding et al. (2020),
GOM56,Gomphonema5,Gomphonema sp. 23 NE Lakes,,
GOM57,Gomphonema5,Gomphonema brebissonii,Spaulding et al. (2020),
GRU01,Denticula_Grunowia,Grunowia tabellaria,Spaulding et al. (2020),MERGED Grunowia solgensis and NIT34/Nitzschia sinuata
GRU501,Denticula_Grunowia,Grunowia solgensis,Spaulding et al. (2020),DEN02/Denticula sp. 1 NE Lakes
GYR01,Gyrosigma,Gyrosigma attenuatum,Spaulding et al. (2020),
GYR02,Gyrosigma,Gyrosigma acuminatum,Spaulding et al. (2020),
GYR03,Gyrosigma,Gyrosigma obtusatum,Lange-Bertalot et al. (2017),
GYR04,Gyrosigma,Gyrosigma wormleyi,Patrick and Reimer (1966),
GYR05,Gyrosigma2,Gyrosigma obscurum,Patrick and Reimer (1966),
GYR501,Gyrosigma2,Gyrosigma sciotoense,Lange-Bertalot et al. (2017),added in V.3
HAL01,Amphora_Halamphora,Halamphora montana,Spaulding et al. (2020),
HAL02,Amphora_Halamphora,Halamphora oligotraphenta,Spaulding et al. (2020),
HAL03,Amphora_Halamphora,Amphora bicapitata,Spaulding et al. (2020),
HAL04,Amphora_Halamphora,Halamphora thumensis,Spaulding et al. (2020),
HAN01,Hannaea,Hannaea arcus,Spaulding et al. (2020),
HIP01,Hippodonta,Hippodonta hungarica,Spaulding et al. (2020),
HIP02,Hippodonta,Hippodonta capitata ssp. iberoamericana,Spaulding et al. (2020),
HIP03,Hippodonta,Hippodonta lueneburgensis,Lange-Bertalot et al. (2017),
HIP04,Hippodonta,Hippodonta capitata,Spaulding et al. (2020),
HIP05,Hippodonta,Hippodonta pseudacceptata,Spaulding et al. (2020),MERGED Hippodonta pseudacceptata and  NAV206/Navicula perminuta
HNZ01,Hantzschia,Hantzschia abundans,Lange-Bertalot et al. (2017),
HNZ02,Hantzschia,Hantzschia amphioxys,Lange-Bertalot et al. (2017),
HNZ05,Hantzschia,Hantzschia sp. 2 NE Lakes,,
HNZ06,Hantzschia,Hantzschia elongata,Krammer and Lange-Bertalot (1988),
HUM01,Humidophila,Humidophila perpusilla,Spaulding et al. (2020),
HUM02,Humidophila,Humidophila schmassmanni,Spaulding et al. (2020),
HUM03,Humidophila,Humidophila brekkaensis,Lange-Bertalot et al. (2017),
HYG01,Pinnularia,Hygropetra elongata,Krammer (2000) ,
KAR01,Karayevia,Karayevia laterostrata,Spaulding et al. (2020),
KAR02,Karayevia,Karayevia clevei,Spaulding et al. (2020),
KAR03,Karayevia,Karayevia suchlandtii,Spaulding et al. (2020),
KAR04,Karayevia,Karayevia ploenensis var. gessneri,Spaulding et al. (2020),
KOB01,Adlafia_KOB_GEN_MYA_BOR,Kobayasiella madumensis,Spaulding et al. (2020),
KOB02,Adlafia_KOB_GEN_MYA_BOR,Kobayasiella jaagii,Spaulding et al. (2020),
KOB03,Adlafia_KOB_GEN_MYA_BOR,Kobayasiella sp. 1 NE Lakes,,
KOB04,Adlafia_KOB_GEN_MYA_BOR,Kobayasiella subtilissima,Spaulding et al. (2020),
KOB06,Adlafia_KOB_GEN_MYA_BOR,Kobayasiella micropunctata,Spaulding et al. (2020),
KRA501,Cham_Kraskella,Kraskella kriegeriana,Spaulding et al. (2020),
KUR03,Encyonopsis_Kurtkrammeria,Kurkrammeria treinishii,Spaulding et al. (2020),
KUR05,Encyonopsis_Kurtkrammeria,Kurtkrammeria recta,Krammer (1997) as Encyonopsis recta,
LAC01,Aneumastus_Lacustriella,Lacustriella lacustris,Spaulding et al. (2020),
LEM01,Lemnicola,Lemnicola hungarica,Spaulding et al. (2020),
LIN01,Centrics4,Lindavia bodanica/intermedia,Spaulding et al. (2020),Lindavia intermedia
LIN02,Centrics4,Lindavia michiganiana,Spaulding et al. (2020),
LIN03,Centrics4,Lindavia comensis,Spaulding et al. (2020),
LIN04,Centrics4,Lindavia ocellata,Spaulding et al. (2020),
LIN501,Centrics4,Lindavia rossii,Spaulding et al. (2020),added in V.3
LIN502,Centrics4,Lindavia sp. 502 NE Lakes,,added in V.3
LIN503,Centrics4,Lindavia krammeri,Krammer and Lange-Bertalot (1991a); as Cyclotella krammeri,added in V.3
LUT01,Luticola,Luticola acidoclinata,Levkov et al. (2013),Luticola mutica
LUT02,Luticola,Luticola paramutica,Levkov et al. (2013),Luticola arctica
LUT03,Luticola,Luticola hlubikovae,Levkov et al. (2013),
LUT04,Luticola,Luticola grupcei,Levkov et al. (2013),
LUT05,Luticola,Luticola nivalis,Levkov et al. (2013),
LUT501,Luticola,Luticola mutica,Levkov et al. (2013),added in V.3
MAS01,Mastogloia,Mastogloia lacustris,Spaulding et al. (2020),
MEL01,Centrics6,Melosira varians,Spaulding et al. (2020),
MEL02,Centrics6,Melosira normannii,Spaulding et al. (2020),
MER01,Meridion_Diatoma_Odontidium,Meridion alansmithii,Spaulding et al. (2020),
MER02,Meridion_Diatoma_Odontidium,Meridion circulare var. constrictum,Spaulding et al. (2020),
MER04,Meridion_Diatoma_Odontidium,Meridion circulare,Spaulding et al. (2020),
MER05,Meridion_Diatoma_Odontidium,Meridion anceps,Spaulding et al. (2020),
MYA501,Adlafia_KOB_GEN_MYA_BOR,Mayamaea fossaloides,Lange-Bertalot et al. (2017),
MYA502,Adlafia_KOB_GEN_MYA_BOR,Mayamaea atomus var. permitis,Lange-Bertalot et al. (2017),
NAV05,Navicula,Navicula cryptocephala,Spaulding et al. (2020),MERGED part of NAV01 and Navicula cryptocephala
NAV06,Navicula2,Navicula wildii,Spaulding et al. (2020),
NAV07,Navicula,Navicula sp. 1 NE Lakes,,
NAV08,Navicula,Navicula sp. 2 NE Lakes,,
NAV09,Navicula,Navicula tenelloides,Lange-Bertalot et al. (2017),Navicula vilaplanii
NAV10,Navicula,Navicula libonensis,Spaulding et al. (2020),
NAV12,Navicula,Navicula longicephala,Spaulding et al. (2020),MERGED ADL03 and Navicula longicephala
NAV13,Navicula2,Navicula globulifera,Lange-Bertalot (2001),
NAV14,Navicula2,Navicula angusta,Spaulding et al. (2020),
NAV15,Navicula2,Navicula tripunctata,Spaulding et al. (2020),
NAV16,Navicula4,Navicula radiosa,Spaulding et al. (2020),SPLIT: several specimens moved to NAV23/Navicula pseudolanceolata
NAV18,Navicula2,Navicula lanceolata,Spaulding et al. (2020),
NAV19,Navicula2,Navicula viridula,Spaulding et al. (2020),
NAV20,Navicula2,Navicula viridulacalcis subsp. neomundana,Spaulding et al. (2020),
NAV201,Navicula,Navicula canalis,Spaulding et al. (2020),
NAV202,Navicula,Navicula sp. 9 NE Lakes,,
NAV203,Navicula,Navicula escambia,Spaulding et al. (2020),
NAV204,Navicula,Navicula vandamii var. mertensiae,Lange-Bertalot et al. (2017),
NAV21,Navicula2,Navicula sp. 3 NE Lakes,,
NAV22,Navicula2,Navicula sp. 4 NE Lakes,,
NAV23,Navicula2,Navicula pseudolanceolata,Spaulding et al. (2020),Navicula sp. 5 NE Lakes; MERGED with part of NAV16/Navicula radiosa
NAV24,Navicula3,Navicula rostellata,Spaulding et al. (2020),
NAV25,Navicula,Navicula gregaria,Spaulding et al. (2020),
NAV26,Navicula3,Navicula slesvicensis,Spaulding et al. (2020),
NAV27,Navicula3,Navicula rynchocephala,Spaulding et al. (2020),
NAV28,Navicula3,Navicula densilineolata,Lange-Bertalot et al. (2017),
NAV29,Navicula3,Navicula cari,Spaulding et al. (2020),
NAV30,Navicula,Navicula vekhovii,Lange-Bertalot (2001),
NAV303,Navicula,Navicula sp. 6 NE Lakes,,
NAV31,Navicula3,Navicula sp. 7 NE Lakes,,
NAV32,Navicula3,Navicula oligotraphenta,Lange-Bertalot et al. (2017),
NAV33,Navicula3,Navicula sp. 10 NE Lakes,,
NAV34,Navicula3,Navicula hanseatica,Lange-Bertalot et al. (2017),
NAV35,Navicula3,Navicula trivialis,Spaulding et al. (2020),
NAV36,Navicula,Navicula moskalii,Lange-Bertalot et al. (2017),
NAV37,Navicula3,Navicula oppugnata,Spaulding et al. (2020),
NAV38,Navicula4,Navicula vulpina,Spaulding et al. (2020),
NAV39,Navicula4,Navicula aurora,Spaulding et al. (2020),
NAV40,Navicula4,Navicula peregrinopsis,Spaulding et al. (2020),
NAV402,Navicula,Navicula sp. 8 NE Lakes,,
NAV403,Navicula,Navicula capitatoradiata,Spaulding et al. (2020),
NAV407,Navicula3,Navicula streckerae,Spaulding et al. (2020),
NAV41,Navicula4,Navicula reinhardtii,Spaulding et al. (2020),
NAV42,Navicula4,Navicula oblonga,Spaulding et al. (2020),
NAV43,Staurophora_Prestauroneis,Navicula laterostrata,Krammer and Lange-Bertalot (1986),
NAV501,Navicula,Navicula sp. 501 NE Lakes,,added in V.3
NAV502,Navicula,Navicula leptostriata,Spaulding et al. (2020),added in V.3
NAV503,Navicula,Navicula sp. 502 NE Lakes,,added in V.3
NAV504,Navicula,Navicula sp. 504 NE Lakes,,added in V.3
NAV505,Navicula,Navicula notha,Spaulding et al. (2020),SPLIT NAV1 and Navicula notha
NAV506,Navicula,Navicula veneta,Spaulding et al. (2020),SPLIT NAV1 and Navicula veneta
NAV507,Navicula2,Navicula sp. 507 NE Lakes,,added in V.3
NAV508,Navicula,Navicula sp. 508 NE Lakes,,added in V.3
NAV509,Navicula,Navicula sp. 509 NE Lakes,,added in V.3
NAV510,Navicula,Navicula salinarum var. minima,Lange-Bertalot et al. (2017),added in V.3
NAV511,Navicula,Navicula vilaplanii,Spaulding et al. (2020),added in V.3
NAV513,Navicula,Navicula cryptofallax,Lange-Bertalot et al. (2017),added in V.3
NAV514,Navicula,Navicula antonii,Spaulding et al. (2020),added in V.3
NAV515,Navicula2,Navicula trophicatrix,Lange-Bertalot et al. (2017),added in V.3
NAV516,Navicula2,Navicula sp. 516 NE Lakes,,added in V.3
NED01,Neidium,Neidium alpinum var. quadripunctatum,Siver and Hamilton (2011),
NED02,Neidium,Neidium sp. 1 NE Lakes,,
NED03,Neidium,Neidium sp. 2 NE Lakes,,
NED05,Neidium,Neidium sp. 3 NE Lakes,,
NED06,Neidium,Neidium affine var. longiceps,Patrick and Reimer (1966),
NED07,Neidium,Neidium longiceps,Lange-Bertalot et al. (2017),
NED08,Neidium,Neidium hercynicum,Krammer and Lange-Bertalot (1986),
NED09,Neidium,Neidium sp. 5 NE Lakes,,
NED10,Neidium,Neidium temperei,Camburn and Charles (2000),
NED11,Neidium,Neidium sp. 6 NE Lakes,,
NED12,Neidium,Neidium sp. 7 NE Lakes,,
NED13,Neidium2,Neidium sp. 8 NE Lakes,,
NED14,Neidium2,Neidium sp. 9 NE Lakes,,
NED15,Neidium2,Neidium densestriatum,Spaulding et al. (2020),Neidium sp. 10 NE Lakes
NED16,Neidium2,Neidium sp. 11 NE Lakes,,
NED17,Neidium2,Neidium subundulatum,Patrick and Reimer (1966),
NED18,Neidium2,Neidium tumescens,Patrick and Reimer (1966),
NED19,Neidium2,Neidium boyeri,Camburn and Charles (2000),
NED20,Neidium3,Neidium amphigomphus,Lefebvre and Hamilton (2015),
NED21,Neidium3,Neidium hitchcockii,Camburn and Charles (2000),
NED22,Neidium3,Neidium sacoense,Spaulding et al. (2020),
NED23,Neidium4,Neidium fossum,Lefebvre and Hamilton (2015),
NED24,Neidium4,Neidium sp. 12 NE Lakes,,
NED25,Neidium6,Neidium sp. 13 NE Lakes,,
NED26,Neidium6,Neidium sp. 14 NE Lakes,,
NED27,Neidium6,Neidium affine,Hamilton and Jahn (2005),
NED28,Neidium5,Neidium dilatatum,Lefebvre and Hamilton (2015),
NED29,Neidium,Neidium sp. 4 NE Lakes,,
NED501,Neidium,Neidium dubium,Lange-Bertalot et al. (2017),added in V.3
NED502,Neidium6,Neidium sp. 502 NE Lakes,,added in V.3
NED503,Neidium,Neidium sp. 503 NE Lakes,,added in V.3
NEI01,Neidiopsis,Neidiopsis levanderi,Spaulding et al. (2020),
NEI02,Neidiopsis,Neidiopsis sp. 1 NE Lakes,,
NIT01,Nitzschia,Nitzschia montanestris,Bishop et al. (2017),
NIT03,Nitzschia,Nitzschia capitellata,Lange-Bertalot et al. (2017),
NIT04,Nitzschia,Nitzschia homburgiensis,Lange-Bertalot et al. (2017),
NIT05,Nitzschia,Nitzschia acicularioides,Bishop et al. (2017),
NIT06,Nitzschia,Nitzschia gracilis,Lange-Bertalot et al. (2017),Nitzschia exilis
NIT07,Nitzschia,Nitzschia palea,Spaulding et al. (2020),
NIT08,Nitzschia,Nitzschia subacicularis,Lange-Bertalot et al. (2017),Nitzschia incognita
NIT09,Nitzschia,Nitzschia liebethruthii,Spaulding et al. (2020),
NIT10,Nitzschia,Nitzschia soratensis,Spaulding et al. (2020),
NIT11,Nitzschia,Nitzschia valdecostata,Spaulding et al. (2020),
NIT13,Nitzschia,Nitzschia alpina,Spaulding et al. (2020),
NIT15,Nitzschia,Nitzschia fonticola,Spaulding et al. (2020),
NIT17,Nitzschia,Nitzschia amphibia,Spaulding et al. (2020),
NIT18,Nitzschia2,Nitzschia sp. 4 NE Lakes,,
NIT19,Nitzschia2,Tryblionella sp. 1 NE Lakes,,
NIT20,Nitzschia2,Nitzschia sp. 5 NE Lakes,,Nitzschia sublinearis
NIT201,Nitzschia,Nitzschia sp. 3 NE Lakes,,
NIT21,Nitzschia2,Nitzschia palustris,Lange-Bertalot et al. (2017),
NIT22,Nitzschia2,Nitzschia dissipata var. media,Lange-Bertalot et al. (2017),
NIT23,Nitzschia2,Nitzschia dissipata,Spaulding et al. (2020),
NIT24,Nitzschia4,Nitzschia nana,Lange-Bertalot et al. (2017),
NIT25,Nitzschia3,Nitzschia tenuis,Lange-Bertalot et al. (2017),
NIT26,Nitzschia3,Nitzschia recta,Spaulding et al. (2020),
NIT27,Nitzschia3,Nitzschia bavarica,Lange-Bertalot and Metzeltin (1996) ,Nitzschia sp. 1 NE Lakes
NIT28,Nitzschia3,Nitzschia sp. 2 NE Lakes,,
NIT29,Nitzschia3,Nitzschia fruticosa,Lange-Bertalot et al. (2017),
NIT30,Nitzschia3,Nitzschia heufleriana,Lange-Bertalot et al. (2017),
NIT31,Nitzschia3,Nitzschia angustata,Spaulding et al. (2020),
NIT32,Nitzschia3,Nitzschia denticula,Lange-Bertalot et al. (2017),imaged but not in translation table in V.2; translated to Grunowia solgensis in V.1
NIT33,Nitzschia4,Nitzschia clausii,Spaulding et al. (2020),
NIT403,Nitzschia2,Nitzschia bremensis,Lange-Bertalot et al. (2017),
NIT501,Nitzschia,Nitzschia incognita,Spaulding et al. (2020),added in V.3
NIT502,Nitzschia,Nitzschia pusilla,Lange-Bertalot et al. (2017),added in V.3
NIT503,Nitzschia,Nitzschia archibaldii,Lange-Bertalot et al. (2017),added in V.3
NIT504,Nitzschia,Nitzschia sp. 504 NE Lakes,,added in V.3
NIT505,Nitzschia,Nitzschia perminuta,Spaulding et al. (2020),added in V.3
NIT506,Nitzschia,Nitzschia dealpina,Lange-Bertalot et al. (2017),added in V.3
NIT507,Nitzschia,Nitzschia sp. 507 NE Lakes,,added in V.3
NIT508,Nitzschia,Nitzschia sp. 508 NE Lakes,,added in V.3
NIT509,Nitzschia2,Nitzschia draveillensis,Lange-Bertalot et al. (2017),added in V.3
NIT510,Nitzschia3,Nitzschia intermedia,Lange-Bertalot et al. (2017),added in V.3
NIT511,Nitzschia,Nitzschia sp. 511 NE Lakes,,added in V.3
NIT513,Nitzschia,Nitzschia sp. 513 NE Lakes,,added in V.3
NIT514,Nitzschia4,Nitzschia wuellerstorffii,Lange-Bertalot et al. (2017),added in V.3
NIT515,Nitzschia,Nitzschia sp. 515 NE Lakes,,added in V.3
NIT516,Nitzschia4,Nitzschia sp. 516 NE Lakes,,added in V.3
NIT517,Nitzschia,Nitzschia sp. 517 NE Lakes,,added in V.3
NIT518,Nitzschia2,Nitzschia sp. 518 NE Lakes,,added in V.3
NIT520,Nitzschia3,Nitzschia sp. 520 NE Lakes,,added in V.3
NIT521,Nitzschia3,Nitzschia gessneri,Lange-Bertalot et al. (2017),added in V.3
NUP01,Nupela,Nupela vitiosa,Spaulding et al. (2020),
NUP02,Nupela,Nupela sp. 1 NE Lakes,,
NUP03,Nupela,Nupela scissura,Spaulding et al. (2020),
NUP04,Nupela,Nupela sp. 2 NE Lakes,,
NUP05,Nupela,Nupela wellneri,Spaulding et al. (2020),
NUP06,Nupela,Nupela tenuicephala,Spaulding et al. (2020),
NUP07,Nupela,Nupela fennica,Spaulding et al. (2020),
NUP08,Nupela,Nupela sp. 3 NE Lakes,,
NUP09,Nupela,Nupela impexiformis,Spaulding et al. (2020),
NUP10,Nupela,Nupela subrostrata,Spaulding et al. (2020),
NUP11,Nupela,Nupela pennsylvanica,Spaulding et al. (2020),
NUP12,Nupela,Nupela decipiens,Spaulding et al. (2020),
NUP13,Nupela,Nupela poconoensis,Spaulding et al. (2020),
NUP14,Nupela,Unknown sp. 3 NE Lakes,,Nupela sp. 4 NE Lakes
NUP15,Nupela,Nupela sp. 5 NE Lakes,,imaged but not in translation table in V.2
NUP401,,Nupela pennsylvanica,Spaulding et al. (2020),
NUP501,Nupela,Nupela neogracillima,Kulikovskiy et al. (2009),added in V.3
NUP502,Nupela,Nupela frezelii,Spaulding et al. (2020),added in V.3
NUP503,Nupela,Nupela neglecta,Spaulding et al. (2020),added in V.3
ODT01,Meridion_Diatoma_Odontidium,Odontidium mesodon,Spaulding et al. (2020),
ODT02,Meridion_Diatoma_Odontidium,Odontidium sp. 1 NE Lakes,,
OPE01,Staurosira_Pseudostaurosira,Opephora sp. 1 NE Lakes,,Opephora mutabilis
OPE200,Staurosira_Pseudostaurosira,Opephora mutabilis,Lange-Bertalot et al. (2017),imaged but not in translation table in V.2
ORT01,Centrics5,Orthoseira sp. 1 NE Lakes,,
OXY01,Fragilariforma_Oxyneis,Oxyneis binalis,Spaulding et al. (2020),
OXY02,Fragilariforma_Oxyneis,Oxyneis binalis var. elliptica,Spaulding et al. (2020),
PAR01,Staurophora_Prestauroneis,Parlibellus crucicula,Lange-Bertalot et al. (2017),
PER01,Peronia,Peronia fibula,Spaulding et al. (2020),
PIN01,Pinnularia,Pinnularia subanglica,Krammer (2000) ,SPLIT Pinnularia subanglica and PIN505/Pinnularia termitina
PIN02,Pinnularia,Pinnularia sp. 60 NE Lakes,,
PIN04,Pinnularia,Pinnularia sp. 1 NE Lakes,,
PIN06,Pinnularia,Pinnularia sp. 2 NE Lakes,,
PIN07,Pinnularia,Pinnularia silvatica,Lange-Bertalot et al. (2017),
PIN08,Pinnularia,Pinnularia sp. 3 NE Lakes,,
PIN09,Pinnularia,Pinnularia sp. 4 NE Lakes,,
PIN10,Pinnularia,Pinnularia borealis,Spaulding et al. (2020),
PIN11,Pinnularia,Pinnularia borealis var. lanceolata,Spaulding et al. (2020),
PIN12,Pinnularia,Pinnularia intermedia,Lange-Bertalot et al. (2017),
PIN13,Pinnularia,Pinnularia birnirkiana,Krammer (2000) ,
PIN14,Pinnularia,Pinnularia pulchra,Krammer (2000) ,
PIN15,Pinnularia,Pinnularia sp. 5 NE Lakes,,
PIN16,Pinnularia2,Pinnularia divergentissima,Spaulding et al. (2020),
PIN17,Pinnularia2,Pinnularia schoenfelderi,Lange-Bertalot et al. (2017),
PIN18,Pinnularia2,Pinnularia sp. 6 NE Lakes,,
PIN19,Pinnularia2,Pinnularia sp. 7 NE Lakes,,
PIN20,Pinnularia2,Pinnularia pogoi,Krammer (2000) ,Pinnularia sp. 8 NE Lakes
PIN21,Pinnularia2,Pinnularia sp. 9 NE Lakes,,
PIN22,Pinnularia2,Pinnularia renata,Krammer (2000) ,
PIN23,Pinnularia2,Pinnularia substomatophora,Krammer (2000) ,
PIN24,Pinnularia3,Pinnularia decrescens,Lange-Bertalot et al. (2017),SPLIT one specimen placed in PIN504/Pinnularia undula
PIN25,Pinnularia3,Pinnularia undula var. major,Spaulding et al. (2020),Pinnularia undula
PIN26,Pinnularia3,Pinnularia sp. 10 NE Lakes,,
PIN27,Pinnularia3,Pinnularia sp. 11 NE Lakes,,
PIN28,Pinnularia3,Pinnularia sp. 12 NE Lakes,,
PIN29,Pinnularia4,Pinnularia acuminata,Krammer (2000) ,
PIN30,Pinnularia4,Pinnularia sp. 13 NE Lakes,,
PIN305,Pinnularia12,Pinnularia sp. 19 NE Lakes,,
PIN306,Pinnularia18,Pinnularia sp. 20 NE Lakes,,
PIN309,Pinnularia2,Pinnularia sp. 21 NE Lakes,,
PIN31,Pinnularia4,Pinnularia cardinaliculus,Krammer (2000) ,
PIN310,Pinnularia3,Pinnularia sp. 22 NE Lakes,,
PIN32,Pinnularia4,Pinnularia sp. 23 NE Lakes,,
PIN33,Pinnularia5,Pinnularia sp. 24 NE Lakes,,
PIN34,Pinnularia5,Pinnularia sp. 25 NE Lakes,,
PIN35,Pinnularia6,Pinnularia sp. 26 NE Lakes,,
PIN36,Pinnularia6,Pinnularia sp. 27 NE Lakes,,
PIN37,Pinnularia7,Pinnularia polyonca,Krammer (2000) ,
PIN38,Pinnularia7,Pinnularia gibbiformis,Krammer (2000) ,
PIN39,Pinnularia7,Pinnularia tirolensis,Krammer (2000) ,
PIN40,Pinnularia7,Pinnularia brauniana,Spaulding et al. (2020),
PIN401,Pinnularia,Pinnularia sp. 28 NE Lakes,,
PIN402,Pinnularia18,Pinnularia sp. 29 NE Lakes,,PIN401; was PIN401 in pre-count voucher flora
PIN403,Pinnularia3,Pinnularia sp. 30 NE Lakes,,
PIN404,Pinnularia15,Pinnularia sp. 31 NE Lakes,,
PIN405,Pinnularia,Pinnularia sp. 32 NE Lakes,,
PIN41,Pinnularia7,Pinnularia subfalaiseana,Krammer (2000) ,
PIN42,Pinnularia7,Pinnularia latarea,Krammer (2000) ,
PIN43,Pinnularia8,Pinnularia turgidula,Spaulding et al. (2020),
PIN44,Pinnularia8,Pinnularia nodosa var. percapitata,Spaulding et al. (2020),
PIN45,Pinnularia8,Pinnularia nodosa,Spaulding et al. (2020),
PIN46,Pinnularia8,Pinnularia angusta var. rostrata,Krammer (2000) ,
PIN47,Pinnularia8,Pinnularia angusta,Lange-Bertalot et al. (2017),
PIN48,Pinnularia8,Pinnularia pluvianiformis,Krammer (2000) ,
PIN49,Pinnularia8,Pinnularia scotica,Spaulding et al. (2020),
PIN50,Pinnularia3,Pinnularia sp. 62 NE Lakes,,
PIN501,Pinnularia4,Pinnularia viridiformis var. minor,Krammer (2000) ,added in V.3
PIN502,Pinnularia16,Pinnularia sp. 502 NE Lakes,,added in V.3
PIN503,Pinnularia8,Pinnularia acrosphaeria ,Spaulding et al. (2020),added in V.3
PIN504,Pinnularia3,Pinnularia undula,Spaulding et al. (2020),SPLIT from PIN24
PIN505,Pinnularia,Pinnularia termitina,Camburn and Charles (2000),SPLIT from PIN01
PIN51,Pinnularia8,Pinnularia septentrionalis,Krammer (2000) ,
PIN52,Pinnularia9,Pinnularia pulchella var. canadensis,Krammer (2000) ,
PIN53,Pinnularia9,Pinnularia latevittata var. domingensis,Camburn and Charles (2000),
PIN54,Pinnularia10,Pinnularia mesogongyla,Krammer (2000) ,
PIN55,Pinnularia11,Pinnularia cuneicephala,Spaulding et al. (2020),
PIN56,Pinnularia11,Pinnularia lange-bertalotii,Krammer (2000) ,
PIN57,Pinnularia11,Pinnularia claviculiformis,Krammer (2000) ,
PIN58,Pinnularia11,Pinnularia sp. 33 NE Lakes,,
PIN59,Pinnularia11,Pinnularia bacilliformis,Krammer (2000) ,
PIN60,Pinnularia11,Pinnularia permixtionis,Siver and Hamilton (2011),Pinnularia sp. 34 NE Lakes
PIN61,Pinnularia12,Pinnularia subrupestris,Krammer (2000) ,
PIN62,Pinnularia12,Pinnularia microstauron var. adirondackensis,Camburn and Charles (2000),
PIN63,Pinnularia12,Pinnularia sp. 35 NE Lakes,,
PIN64,Pinnularia12,Pinnularia inconstans,Krammer (2000) ,
PIN65,Pinnularia12,Pinnularia sp. 36 NE Lakes,,
PIN66,Pinnularia12,Pinnularia sp. 37 NE Lakes,,
PIN67,Pinnularia13,Pinnularia formica,Spaulding et al. (2020),
PIN68,Pinnularia13,Pinnularia sp. 39 NE Lakes,,
PIN69,Pinnularia13,Pinnularia sp. 40 NE Lakes,,
PIN70,Pinnularia13,Pinnularia sp. 41 NE Lakes,,
PIN71,Pinnularia14,Pinnularia abaujensis var. linearis,Camburn and Charles (2000),
PIN72,Pinnularia14,Pinnularia sp. 43 NE Lakes,,
PIN73,Pinnularia14,Pinnularia sp. 44 NE Lakes,,
PIN74,Pinnularia14,Pinnularia abaujensis var. lacustris,Camburn and Charles (2000),
PIN75,Pinnularia14,Pinnularia dornii,Krammer (2000) ,
PIN76,Pinnularia14,Pinnularia kwacksii,Camburn and Charles (2000),
PIN77,Pinnularia14,Pinnularia sp. 46 NE Lakes,,
PIN78,Pinnularia14,Pinnularia sp. 47 NE Lakes,,
PIN79,Pinnularia15,Pinnularia sp. 48 NE Lakes,,
PIN80,Pinnularia15,Pinnularia wisconsinensis,Camburn and Charles (2000),
PIN81,Pinnularia15,Pinnularia sp. 50 NE Lakes,,
PIN82,Pinnularia15,Pinnularia sp. 51 NE Lakes,,
PIN83,Pinnularia15,Pinnularia falaiseana,Krammer (2000) ,
PIN84,Pinnularia15,Pinnularia sp. 52 NE Lakes,,
PIN85,Pinnularia16,Pinnularia sp. 53 NE Lakes,,
PIN86,Pinnularia16,Pinnularia sp. 54 NE Lakes,,
PIN87,Pinnularia16,Pinnularia sp. 55 NE Lakes,,
PIN88,Pinnularia17,Pinnularia sp. 56 NE Lakes,,
PIN89,Pinnularia17,Pinnularia sp. 57 NE Lakes,,
PIN90,Pinnularia17,Pinnularia sp. 58 NE Lakes,,
PIN91,Pinnularia18,Pinnularia subgibba,Krammer (2000) ,
PIN92,Pinnularia18,Pinnularia subgibba var. undulata,Krammer (2000) ,
PIN93,Pinnularia19,Pinnularia cherryfieldiana,Krammer (2000) ,
PIN94,Pinnularia,Pinnularia sp. 61 NE Lakes,,
PIN95,Pinnularia14,Pinnularia julma,Krammer (2000) ,
PLA01,Planothidium,Planothidium lanceolatum,Spaulding et al. (2020),
PLA02,Planothidium,Planothidium frequentissimum,Spaulding et al. (2020),
PLA03,Planothidium,Skabitschewskia peragalloi ,Spaulding et al. (2020),Planothidium oestrupii
PLA04,Planothidium,Planothidium joursacense,Spaulding et al. (2020),
PLA05,Planothidium,Planothidium apiculatum,Spaulding et al. (2020),
PLA07,Planothidium,Planothidium sp. 1 NE Lakes,,
PLA08,Planothidium,Planothidium sp. 2 NE Lakes,,
PLA10,Planothidium,Planothidium holstii,Spaulding et al. (2020),
PLA11,Planothidium,Planothidium dubium,Spaulding et al. (2020),
PLA501,Planothidium,Planothidium rostratoholarcticum/tuji,Spaulding et al. (2020),added in V.3
PLA503,Planothidium,Planothidium sp. 503,,added in V.3
PLA504,Planothidium,Planothidium gallicum,Wetzel et al. (2019),added in V.3
PLA505,Planothidium,Planothidium sp. 505,,added in V.3
PLA506,Planothidium,Planothidium amphibium,Spaulding et al. (2020),added in V.3
PLC01,Placoneis,Placoneis placentula,Lange-Bertalot et al. (2017),
PLC02,Placoneis,Placoneis paraelginensis,Lange-Bertalot et al. (2017),
PLC03,Placoneis,Placoneis abiskoensis,Spaulding et al. (2020),
PLC04,Placoneis,Placoneis explanata,Lange-Bertalot et al. (2017),
PLC05,Placoneis,Placoneis anglica,Lange-Bertalot et al. (2017),
PLC06,Placoneis,Placoneis sp. 1 NE Lakes,,
PLC07,Placoneis,Placoneis elginensis,Lange-Bertalot et al. (2017),
PLC08,Placoneis,Placoneis sp. 2 NE Lakes,,
PLC09,Placoneis,Placoneis sp. 3 NE Lakes,,
PLC10,Placoneis,Placoneis gastrum,Spaulding et al. (2020),
PLC11,Placoneis,Placoneis symmetrica,Lange-Bertalot et al. (2017),
PLC12,Placoneis,Placoneis sp. 4 NE Lakes,,
PLC13,Placoneis,Placoneis anglophila,Spaulding et al. (2020),
PLC14,Placoneis,Placoneis sp. 5 NE Lakes,,
PLC15,Placoneis,Placoneis hambergii,Krammer and Lange-Bertalot (1986); as Navicula hambergii,
PLC16,Placoneis,Placoneis sp. 6 NE Lakes,,
PLC17,Placoneis,Placoneis sp. 7 NE Lakes,,
PLC18,Placoneis,Placoneis sp. 9 NE Lakes,,
PLC501,Placoneis,Placoneis undulata,Lange-Bertalot et al. (2017),added in V.3
PLC502,Placoneis,Placoneis sp. 502,,added in V.3
PLG01,Plagiotropis,Plagiotropis lepidoptera var. proboscidea,Spaulding et al. (2020),
PLT01,Platessa,Platessa strelnikovae,Spaulding et al. (2020),
PLT01,Platessa,Platessa strelnikovae,Spaulding et al. (2020),
PLT03,Platessa,Platessa bahlsii,Spaulding et al. (2020),Platessa sp. 1 NE Lakes
PLT04,Platessa,Platessa conspicua,Spaulding et al. (2020),
PLT05,Platessa,Platessa sp. 2 NE Lakes,,
PLT06,Platessa,Platessa sp. 3 NE Lakes,,
PLT07,Platessa,Platessa stewartii,Spaulding et al. (2020),
PLT501,Platessa,Platessa oblongella,Spaulding et al. (2020),
PRE02,Staurophora_Prestauroneis,Prestauroneis integra,Spaulding et al. (2020),
PRE03,Staurophora_Prestauroneis,Prestauroneis protracta,Spaulding et al. (2020),
PSA01,Psammothidium,Psammothidium bioretii,Spaulding et al. (2020),
PSA02,Psammothidium,Psammothidium harveyi,Spaulding et al. (2020),
PSA03,Psammothidium,Psammothidium daonense,Spaulding et al. (2020),
PSA04,Psammothidium,Psammothidium subatomoides,Spaulding et al. (2020),
PSA05,Psammothidium,Psammothidium rossii,Spaulding et al. (2020),
PSA07,Psammothidium,Psammothidium frigidum,,
PSA08,Psammothidium,Psammothidium acidoclinatum,Spaulding et al. (2020),
PSA09,Psammothidium,Psammothidium scoticum,Spaulding et al. (2020),
PSA10,Psammothidium,Psammothidium altaicum,,
PSA11,Psammothidium,Psammothidium didymum,Spaulding et al. (2020),
PSA13,Psammothidium,Psammothidium levanderi,Spaulding et al. (2020),
PSA200,Psammothidium,Psammothidium helveticum,Spaulding et al. (2020),
PSA401,Psammothidium,Psammothidium sp. 2 NE Lakes,Spaulding et al. (2020),Psammothidium alpinum
PSA501,Psammothidium,Psammothidium ventrale,Lange-Bertalot et al. (2017),added in V.3
PSA502,Psammothidium,Psammothidium sacculum,Krammer and Lange-Bertalot (1991b); as Achnanthes saccula,added in V.3
PSA503,Psammothidium,Psammothidium lauenburgianum,Spaulding et al. (2020),added in V.3
PSA504,Psammothidium,Psammothidium microscopicum,Spaulding et al. (2020),added in V.3
PSA505,Psammothidium,Psammothidium kuelbsii,Krammer and Lange-Bertalot (1991b); as Achnanthes kuelbsii,added in V.3
PSE01,Staurosira_Pseudostaurosira,Pseudostaurosira brevistriata,Spaulding et al. (2020),
PSE02,Staurosira_Pseudostaurosira,Pseudostaurosira sp. 1 NE Lakes,,
PSE03,Staurosira_Pseudostaurosira,Pseudostaurosira elliptica,Spaulding et al. (2020),
PSE04,Staurosira_Pseudostaurosira,Pseudostaurosira pseudoconstruens,Spaulding et al. (2020),
PSE05,Staurosira_Pseudostaurosira,Pseudostaurosira robusta,Spaulding et al. (2020),
PSE06,Staurosira_Pseudostaurosira,Pseudostaurosira parasitica,Spaulding et al. (2020),
PSE07,Staurosira_Pseudostaurosira,Pseudostaurosira americana,Spaulding et al. (2020),
PSE202,Staurosira_Pseudostaurosira,Pseudostaurosira sp. 3 NE Lakes,,
PSE400,Staurosira_Pseudostaurosira,Pseudostaurosira parasitica var. subconstricta,Lange-Bertalot et al. (2017),
REI01,Reimeria,Reimeria sinuata,Spaulding et al. (2020),
REI02,Reimeria,Reimeria uniseriata,Spaulding et al. (2020),
RHO01,Rhoicosphenia,Rhoicosphenia abbreviata,Spaulding et al. (2020),
RHP01,Rhopalodia,Rhopalodia gibba,Spaulding et al. (2020),
RHP02,Rhopalodia,Rhopalodia gibberula,Spaulding et al. (2020),
ROS01,Achnanthidium_Rossithidium,Rossithidium anastasiae,Spaulding et al. (2020),
ROS02,Achnanthidium_Rossithidium,Rossithidium pusillum,Spaulding et al. (2020),
SEL01,Sellaphora_Eolimna,Sellaphora crassulexigua,Lange-Bertalot et al. (2017),
SEL03,Sellaphora_Eolimna,Sellaphora sp. 1 NE Lakes,,
SEL04,Sellaphora_Eolimna,Sellaphora sp. 2 NE Lakes,,
SEL05,Sellaphora_Eolimna,Sellaphora raederae,Lange-Bertalot et al. (2017),
SEL06,Sellaphora_Eolimna,Sellaphora atomoides,Spaulding et al. (2020),
SEL09,Sellaphora_Eolimna,Sellaphora sp. 3 NE Lakes,,
SEL10,Sellaphora_Eolimna,Sellaphora sp. 4 NE Lakes,,
SEL12,Sellaphora2,Sellaphora sp. 5 NE Lakes,,
SEL13,Sellaphora2,Sellaphora sp. 6 NE Lakes,,
SEL14,Sellaphora_Eolimna,Sellaphora sp.19 SESQA,,
SEL15,Sellaphora_Eolimna,Sellaphora sp. 7 NE Lakes,,
SEL17,Sellaphora2,Sellaphora pseudoventralis,Lange-Bertalot et al. (2017),
SEL18,Sellaphora2,Sellaphora saugerresii,Spaulding et al. (2020),
SEL19,Sellaphora_Eolimna,Sellaphora sp. 8 NE Lakes,,
SEL20,Sellaphora_Eolimna,Sellaphora sp. 9 NE Lakes,,
SEL200,Sellaphora_Eolimna,Sellaphora sp. 10 NE Lakes,,
SEL21,Sellaphora2,Sellaphora sp. 11 NE Lakes,,
SEL22,Sellaphora2,Sellaphora sp. 12 NE Lakes,,
SEL23,Sellaphora2,Sellaphora laticeps,Krammer and Lange-Bertalot (1986); as Navicula laticeps,
SEL25,Sellaphora,Sellaphora sp. 13 NE Lakes,,
SEL26,Sellaphora2,Sellaphora schadei,Lange-Bertalot et al. (2017),
SEL27,Sellaphora2,Sellaphora davoutiana ,Heudre et al. (2018),Sellaphora sp. 41 NE Lakes
SEL28,Sellaphora2,Navicula nugalis,Bishop et al. (2017),
SEL29,Sellaphora2,Sellaphora sp. 14 NE Lakes,,
SEL31,Sellaphora_Eolimna,Sellaphora sp. 15 NE Lakes,,
SEL32,Sellaphora2,Sellaphora wallacei,Spaulding et al. (2020),
SEL33,Sellaphora2,Sellaphora difficillima,Bishop et al. (2017),
SEL35,Sellaphora2,Sellaphora disjuncta,Spaulding et al. (2020),
SEL36,Sellaphora2,Sellaphora verecundiae,Lange-Bertalot et al. (2017),
SEL38,Sellaphora_Eolimna,Sellaphora sp. 16 NE Lakes,,
SEL39,Sellaphora3,Sellaphora bacilloides,Spaulding et al. (2020),
SEL40,Sellaphora3,Sellaphora auldreekie,Spaulding et al. (2020),
SEL402,Sellaphora_Eolimna,Sellaphora sp. 17 NE Lakes,,
SEL405,Sellaphora2,Sellaphora hustedtii,Krammer and Lange-Bertalot (1986); as Navicula hustedtii,
SEL406,Sellaphora_Eolimna,Sellaphora sp. 19 NE Lakes,,
SEL407,Sellaphora4,Sellaphora parapupula,Lange-Bertalot et al. (2017),
SEL41,Sellaphora3,Sellaphora sp. 20 NE Lakes,,
SEL42,Sellaphora3,Sellaphora sp. 21 NE Lakes,,
SEL43,Sellaphora3,"Sellaphora laevissima ""very coarse""",Mann et al. (2008),
SEL45,Sellaphora4,Sellaphora sp. 22 NE Lakes,,
SEL46,Sellaphora3,Sellaphora sp. 23 NE Lakes,,
SEL47,Sellaphora3,Sellaphora sp. 24 NE Lakes,,
SEL48,Sellaphora3,Sellaphora sp. 25 NE Lakes,,
SEL49,Sellaphora3,Sellaphora stauroneioides,Spaulding et al. (2020),
SEL50,Sellaphora3,Sellaphora pseudopupula,Lange-Bertalot et al. (2017),
SEL501,Sellaphora3,Sellaphora subbacillum,Spaulding et al. (2020),added in V.3
SEL502,Sellaphora_Eolimna,Sellaphora sp. 502 NE Lakes,,added in V.3
SEL503,Sellaphora_Eolimna,Sellaphora sp. 503 NE Lakes,,added in V.3
SEL504,Sellaphora3,Sellaphora sp. 504 NE Lakes,,added in V.3
SEL505,Sellaphora_Eolimna,Sellaphora sp. 505 NE Lakes,,added in V.3
SEL506,Sellaphora2,Sellaphora tridentula,Wetzel et al. 2015,added in V.3
SEL507,Sellaphora3,Sellaphora sp. 507 NE Lakes,,added in V.3
SEL508,Sellaphora_Eolimna,Sellaphora sp. 508 NE Lakes,,added in V.3
SEL509,Sellaphora3,Sellaphora mutata,Lange-Bertalot et al. (2017),added in V.3
SEL51,Sellaphora3,Sellaphora sp. 26 NE Lakes,,
SEL52,Sellaphora3,Sellaphora rugula,Potapova and Ponader (2008),
SEL53,Sellaphora3,Sellaphora laevissima,Spaulding et al. (2020),
SEL55,Sellaphora3,Sellaphora sp. 27 NE Lakes,,
SEL56,Sellaphora3,Sellaphora blackfordensis,Lange-Bertalot et al. (2017),
SEL57,Sellaphora3,Sellaphora sp. 28 NE Lakes,,
SEL58,Sellaphora3,Sellaphora capitata,Lange-Bertalot et al. (2017),
SEL59,Sellaphora3,Sellaphora sp. 29 NE Lakes,,
SEL60,Sellaphora3,Sellaphora sp. 30 NE Lakes,,
SEL62,Sellaphora3,Sellaphora sp. 31 NE Lakes,,
SEL63,Sellaphora3,Sellaphora sp. 32 NE Lakes,,
SEL64,Sellaphora3,Sellaphora sp. 33 NE Lakes,,
SEL65,Sellaphora4,Sellaphora moesta,Spaulding et al. (2020),
SEL66,Sellaphora4,Sellaphora americana,Spaulding et al. (2020),
SEL67,Sellaphora4,Sellaphora sp. 34 NE Lakes,,
SEL68,Sellaphora4,Sellaphors alastos,Spaulding et al. (2020),
SEL69,Sellaphora4,Sellaphora hohnii,Spaulding et al. (2020),
SEL70,Sellaphora4,Sellaphora bacillum,Spaulding et al. (2020),Sellaphora sp. 35 NE Lakes
SEL71,Sellaphora4,Sellaphora sp. 36 NE Lakes,,
SEL72,Sellaphora4,Sellaphora sp. 37 NE Lakes,,
SEL73,Sellaphora4,Sellaphora sp. 38 NE Lakes,,
SEL74,Sellaphora3,Adlafia detenta,Spaulding et al. (2020),Navicula detenta
SEL75,Sellaphora_Eolimna,Sellaphora sp. 39 NE Lakes,,
SEL76,Sellaphora3,Sellaphora sp. 40 NE Lakes,,
SEM01,Semiorbis,Semiorbis rotundus,Spaulding et al. (2020),
SPI501,Centrics5,Spicaticribra kingstonii,Spaulding et al. (2020),added in V.3
STA01,Staurosira_Pseudostaurosira,Staurosira venter,Spaulding et al. (2020),
STA02,Staurosira_Pseudostaurosira,Staurosira sp. 1 NE Lakes,,
STA05,Staurosira_Pseudostaurosira,Staurosira sp. 2 NE Lakes,,
STA06,Staurosira_Pseudostaurosira,Staurosirella oldenburgiana,Spaulding et al. (2020),
STA07,Staurosira_Pseudostaurosira,Staurosirella pinnata var. trigona,Camburn and Charles (2000); as Fragilaria pinnata var. trigona,
STA08,Staurosira_Pseudostaurosira,Fragilariforma lata,Camburn and Charles (2000); as Fragilaria lata,
STA09,Staurosira_Pseudostaurosira,Staurosira construens,Spaulding et al. (2020),
STA10,Staurosira_Pseudostaurosira,Staurosira sp. 3 NE Lakes,,
STA11,Staurosira_Pseudostaurosira,Staurosira sp. 4 NE Lakes,,
STA12,Staurosira_Pseudostaurosira,Staurosira binodis,Spaulding et al. (2020),
STA13,Staurosira_Pseudostaurosira,Staurosira sp. 5 NE Lakes,,
STA14,Staurosira_Pseudostaurosira,Staurosira sp. 6 NE Lakes,,
STA401,Staurosira_Pseudostaurosira,Pseudostaurosira sp. 2 NE Lakes,,
STA402,Staurosira_Pseudostaurosira,Staurosira sp. 7 NE Lakes,,
STA501,Staurosira_Pseudostaurosira,Staurosira sp. 501 NE Lakes,,added in V.3
STD01,Centrics4,Stephanodiscus niagarae,Spaulding et al. (2020),
STD02,Centrics4,Stephanodiscus alpinus,Spaulding et al. (2020),
STD03,Centrics4,Stephanodiscus sp. 1 NE Lakes,,
STD200,Centrics4,Stephanodiscus hantzschii fo. tenuis,Spaulding et al. (2020),
STD201,Centrics4,Stephanodiscus sp. 2 NE Lakes,,
STD400,Centrics4,Stephanodiscus hantzschii,Spaulding et al. (2020),
STD401,Centrics4,Cyclostephanos dubius,Spaulding et al. (2020),Stephanodiscus minutulus
STD501,Centrics4,Stephanodiscus sp. 501 NE Lakes,,added in V.3
STE01,Stenopterobia,Stenopterobia curvula,Siver and Hamilton (2011),
STE02,Stenopterobia,Stenopterobia sp. 1 NE Lakes,,
STE03,Stenopterobia,Stenopterobia delicatissima,Siver and Hamilton (2011),
STE04,Stenopterobia2,Stenopterobia sp. 2 NE Lakes,,
STE05,Stenopterobia2,Stenopterobia anceps,Siver and Hamilton (2011),
STE07,Stenopterobia3,Stenopterobia sp. 3 NE Lakes,,
STE08,Stenopterobia3,Stenopterobia baileyi,Siver and Hamilton (2011),
STE09,Stenopterobia3,Stenopterobia sp. 4 NE Lakes,,
STE10,Stenopterobia3,Stenopterobia sp. 5 NE Lakes,,
STE501,Stenopterobia,Stenopterobia pseudodelicatissima,Siver and Hamilton (2005),added in V.3
STF01,Staurosira_Pseudostaurosira,Stauroforma exiguiformis,Spaulding et al. (2020),
STL01,Staurosira_Pseudostaurosira,Staurosirella leptostauron,Spaulding et al. (2020),
STL02,Staurosira_Pseudostaurosira,Punctastriata mimetica,Spaulding et al. (2020),
STL03,Staurosira_Pseudostaurosira,Staurosirella sp. 1 NE Lakes,,
STL05,Staurosira_Pseudostaurosira,Staurosirella sp. 2 NE Lakes,,
STL06,Staurosira_Pseudostaurosira,Staurosirella pinnata,Spaulding et al. (2020),
STL08,Staurosira_Pseudostaurosira,Staurosirella lapponica,Lange-Bertalot et al. (2017),
STL201,Staurosira_Pseudostaurosira,Staurosirella sp. 5 NE Lakes,,
STL301,Staurosira_Pseudostaurosira,Staurosirella sp. 3 NE Lakes,,
STL400,Staurosira_Pseudostaurosira,Staurosirella sp. 4 NE Lakes,,
STP02,Staurophora_Prestauroneis,Staurophora sp. 1 NE Lakes,,
STP03,Staurophora_Prestauroneis,Staurophora sp. 2 NE Lakes,,
STS01,Stauroneis,Stauroneis siberica,Spaulding et al. (2020),
STS02,Stauroneis,Stauroneis sp. 1 NE Lakes,,
STS03,Stauroneis,Stauroneis lauenburgiana,Spaulding et al. (2020),
STS04,Stauroneis,Stauroneis producta,Lange-Bertalot et al. (2017),
STS05,Stauroneis,Stauronies agrestis,Spaulding et al. (2020),
STS06,Stauroneis,Stauroneis kriegeri,Spaulding et al. (2020),
STS07,Stauroneis,Stauroneis leguminopsis,Lange-Bertalot et al. (2017),
STS09,Stauroneis,Sellaphora absoluta,Lange-Bertalot et al. (2017),
STS10,Stauroneis,Stauroneis sp. 4 NE Lakes,,
STS11,Stauroneis,Naviculadicta geisslerae,Lange-Bertalot et al. (2017),
STS12,Stauroneis,Stauroneis parathermicola,Lange-Bertalot et al. (2017),
STS13,Stauroneis,Stauroneis thermicola,Lange-Bertalot et al. (2017),
STS14,Stauroneis,Stauroneis sp. 5 NE Lakes,,
STS15,Stauroneis,Stauroneis livingstonii,Spaulding et al. (2020),
STS16,Stauroneis,Stauroneis smithii var. incisa,Spaulding et al. (2020),
STS17,Stauroneis,Stauroneis separanda,Spaulding et al. (2020),
STS18,Stauroneis,Stauroneis smithii,Spaulding et al. (2020),
STS20,Stauroneis2,Stauroneis stodderi,Spaulding et al. (2020),
STS21,Stauroneis2,Stauroneis staurolineata,Spaulding et al. (2020),
STS23,Stauroneis2,Stauroneis staurolineata var. japonica,Kihara et al. (2009),
STS24,Stauroneis3,Stauroneis nobilis,Krammer and Lange-Bertalot (1986),
STS25,Stauroneis3,Stauroneis sp. 503 NE Lakes,,Stauroneis gracilis
STS26,Stauroneis3,Stauroneis acuta,Spaulding et al. (2020),
STS27,Stauroneis3,Stauroneis anceps,Spaulding et al. (2020),
STS28,Stauroneis3,Stauroneis subgracilis,Lange-Bertalot et al. (2017),
STS29,Stauroneis3,Stauroneis amphicephala,Spaulding et al. (2020),
STS30,Stauroneis4,Stauroneis gracilis,Spaulding et al. (2020),Stauroneis phoenicenteron
STS31,Stauroneis4,Stauroneis sp. 6 NE Lakes,,
STS32,Stauroneis5,Stauroneis supergracilis,Spaulding et al. (2020),
STS33,Stauroneis5,Stauroneis baconiana,Spaulding et al. (2020),
STS34,Stauroneis5,Stauroneis nobilis var. gracilis,Camburn and Charles (2000),
STS35,Stauroneis5,Stauroneis neohyalina,Spaulding et al. (2020),
STS36,Stauroneis6,Stauroneis rex,Spaulding et al. (2020),Stauroneis heinii; SPLIT: one specimen removed to STS502. MERGED with STS37/Stauroneis rex.
STS401,Stauroneis3,Stauroneis acidoclinata,Spaulding et al. (2020),
STS501,Stauroneis3,Stauroneis heinii,Spaulding et al. (2020),added in V.3
STS502,Stauroneis7,Stauroneis sp. 502 NE Lakes,,added in V.3
SUR01,Surirella,Surirella amphioxys,Spaulding et al. (2020),
SUR02,Surirella,Surirella angusta,Spaulding et al. (2020),imaged but not in translation table in V.2
SUR03,Surirella,Surirella roba,Lange-Bertalot et al. (2017),Surirella angusta (V.2 numbering error)
SUR04,Surirella,Surirella lacrimula,Spaulding et al. (2020),Surirella roba (V.2 numbering error)
SUR05,Surirella,Surirella arctica,Spaulding et al. (2020),Surirella lacrimula (V.2 numbering error)
SUR06,Surirella,Surirella bohemica,Krammer and Lange-Bertalot (1988),Surirella artica (V.2 numbering error)
SUR08,Surirella2,Surirella sp. 1 NE Lakes,,
SUR09,Surirella2,Surirella stoermerii,Lowe (1972),
SUR10,Surirella2,Surirella sp. 2 NE Lakes,,
SUR11,Surirella2,Surirella sp. 3 NE Lakes,,
SUR12,Surirella3,Iconella gradifera,Schmidt (1874-1959); as Surirella gradifera,
SUR13,Surirella3,Surirella tenera,Spaulding et al. (2020),
SUR14,Surirella4,Surirella sp. 4 NE Lakes,,
SUR15,Surirella5,Surirella robusta,Lange-Bertalot et al. (2017),
SUR16,Surirella6,Surirella sp. 6 NE Lakes,,
SUR17,Surirella6,Surirella bifrons,Lange-Bertalot et al. (2017),
SUR18,Surirella7,Surirella splendida,Lange-Bertalot et al. (2017),Surirella sp. 8 NE Lakes
SUR19,Surirella7,Surirella sp. 9 NE Lakes,,
SUR20,Surirella8,Surirella elegans,Krammer and Lange-Bertalot (1988),
SUR201,Surirella,Surirella sp. 11 NE Lakes,,
SUR21,Surirella9,Surirella cruciata,Spaulding et al. (2020),
SUR22,Surirella9,Surirella sp. 10 NE Lakes,,
SUR501,Surirella,Surirella sp. 501 NE Lakes,,added in V.3
SUR502,Surirella,Surirella stalagma,Spaulding et al. (2020),added in V.3
SUR503,Surirella,Surirella pinnata,Spaulding et al. (2020),added in V.3
SUR504,Surirella,Surirella suecica,Spaulding et al. (2020),added in V.3
SUR505,Surirella10,Iconella guatimalensis,Siver et al. (2005); as Surirella guatimalensis,added in V.3
TAB501,Tabellaria,Tabellaria fenestrata,Spaulding et al. (2020),SPLIT TAB01
TAB502,Tabellaria,Tabellaria flocculosa var. linearis,Koppen (1975),added in V.3
TAB503,Tabellaria,Tabellaria flocculosa strain III,Koppen (1975),SPLIT TAB03
TAB504,Tabellaria,Tabellaria flocculosa strain IV,Koppen (1975),SPLIT TAB03
TAB505,Tabellaria,Tabellaria quadriseptata sensu PIRLA pro parte,"Camburn et al. (1984-1986); as ""probably Tabellaria quadriseptata""","added in V.3, MERGED with part of TAB01"
TAB506,Tabellaria,Tabellaria quadriseptata,Siver and Hamilton (2011),added in V.3
TAB507,Tabellaria,Tabellaria flocculosa strain IIIp,Koppen (1975),SPLIT TAB03
TBL01,Tabularia,Tabularia fasciculata,Spaulding et al. (2020),
THA401,Centrics6,Thalassiosira lacustris,Spaulding et al. (2020),
TRY01,Tryblionella,Tryblionella apiculata,Spaulding et al. (2020),
TRY02,Tryblionella,Tryblionella salinarum,Lange-Bertalot et al. (2017),
TRY03,Tryblionella,Tryblionella debilis,Lange-Bertalot et al. (2017),
TRY04,Tryblionella2,Tryblionella plana var. fennica,Siver and Hamilton (2005),
TRY501,Tryblionella,Tryblionella hungarica,Spaulding et al. (2020),added in V.3
TRY502,Tryblionella,Tryblionella sp. 502 NE Lakes,,added in V.3
TRY503,Tryblionella2,Tryblionella scalaris,Siver and Hamilton (2005),added in V.3
ULN01,Ulnaria,Ulnaria grunowii,Lange-Bertalot et al. (2017),
ULN02,Ulnaria,Ulnaria sp. 1 NE Lakes,,
ULN03,Ulnaria,Ulnaria contracta,Spaulding et al. (2020),
ULN04,Ulnaria,Ulnaria sp. 2 NE Lakes,,
ULN05,Ulnaria,Ulnaria sp. 3 NE Lakes,,
ULN07,Ulnaria2,Ulnaria ulna,Patrick and Reimer (1966); as Synedra ulna,
ULN08,Ulnaria2,"Ulnaria ulna ""forme 7"" sensu Lavoie et al. 2008",Lavoie et al. (2008),
ULN09,Ulnaria2,Ulnaria sp. 4 NE Lakes,,
ULN10,Ulnaria2,"Ulnaria ulna ""forme 2"" sensu Lavoie et al. 2008",Lavoie et al. (2008),
ULN13,Ulnaria3,Ulnaria capitata,Spaulding et al. (2020),Fragilaria dilatata
ULN14,Ulnaria3,"Ulnaria ulna ""forme 1"" sensu Lavoie et al. 2008",Lavoie et al. (2008),
UNK200,Staurosira_Pseudostaurosira,Unknown sp. 1 NE Lakes,,
UNK300,Gomphonema,Unknown sp. 2 NE Lakes,,
,,,,
,,,,
ADL03,,,,MERGED with NAV12/Navicula longicephala
PSA402,,Psammothidium sp. 1 NE Lakes,,deleted
SUR07,,Surirella bohemica,,deleted
ULN06,,,,deleted (same image as FRA400)
